guid,Country,Country Link,Capital,Capital Link,Flag,Map,Country:ru,Country Link:ru,Capital:ru,Capital Link:ru,Country:hr,tags
c*qJ>ll3SX,England,https://en.wikipedia.org/wiki/England,London,https://en.wikipedia.org/wiki/London,"<img src=""England (1).png"" />","<img src=""England.png"" />",А́нглия,https://ru.wikipedia.org/wiki/%D0%90%D0%BD%D0%B3%D0%BB%D0%B8%D1%8F,Ло́ндон,https://ru.wikipedia.org/wiki/%D0%9B%D0%BE%D0%BD%D0%B4%D0%BE%D0%BD,Engleska,Europe
f}~svquXRM,Scotland,https://en.wikipedia.org/wiki/Scotland,Edinburgh,https://en.wikipedia.org/wiki/Edinburgh,"<img src=""Scotland (1).png"" />","<img src=""Scotland.png"" />",Шотла́ндия,https://ru.wikipedia.org/wiki/%D0%A8%D0%BE%D1%82%D0%BB%D0%B0%D0%BD%D0%B4%D0%B8%D1%8F,Эдинбу́рг,https://ru.wikipedia.org/wiki/%D0%AD%D0%B4%D0%B8%D0%BD%D0%B1%D1%83%D1%80%D0%B3,Škotska,Europe
aO.]y21i0z,Northern Ireland,https://en.wikipedia.org/wiki/Northern_Ireland,Belfast,https://en.wikipedia.org/wiki/Belfast,"<img src=""NorthernIreland.png"" />","<img src=""Northern-Ireland.png"" />",Се́верная Ирла́ндия,https://ru.wikipedia.org/wiki/%D0%A1%D0%B5%D0%B2%D0%B5%D1%80%D0%BD%D0%B0%D1%8F_%D0%98%D1%80%D0%BB%D0%B0%D0%BD%D0%B4%D0%B8%D1%8F,Бе́лфаст,https://ru.wikipedia.org/wiki/%D0%91%D0%B5%D0%BB%D1%84%D0%B0%D1%81%D1%82,Sjeverna Irska,Europe
k)f8o(pIvy,France,https://en.wikipedia.org/wiki/France,Paris,https://en.wikipedia.org/wiki/Paris,"<img src=""France (1).png"" />","<img src=""France.png"" />",Фра́нция,https://ru.wikipedia.org/wiki/%D0%A4%D1%80%D0%B0%D0%BD%D1%86%D0%B8%D1%8F,Пари́ж,https://ru.wikipedia.org/wiki/%D0%9F%D0%B0%D1%80%D0%B8%D0%B6,Francuska,Europe
"qNhZ;4tb_,",Albania,https://en.wikipedia.org/wiki/Albania,Tirana,https://en.wikipedia.org/wiki/Tirana,"<img src=""Albania (1).png"" />","<img src=""Albania.png"" />",Алба́ния,https://ru.wikipedia.org/wiki/%D0%90%D0%BB%D0%B1%D0%B0%D0%BD%D0%B8%D1%8F,Тира́на,https://ru.wikipedia.org/wiki/%D0%A2%D0%B8%D1%80%D0%B0%D0%BD%D0%B0,Albanija,Europe
pMFk;B16rx,Andorra,https://en.wikipedia.org/wiki/Andorra,Andorra la Vella,https://en.wikipedia.org/wiki/Andorra_la_Vella,"<img src=""Andorra (1).png"" />","<img src=""Andorra.png"" />",Андо́рра,https://ru.wikipedia.org/wiki/%D0%90%D0%BD%D0%B4%D0%BE%D1%80%D1%80%D0%B0,Андо́рра-ла-Велья,https://ru.wikipedia.org/wiki/%D0%90%D0%BD%D0%B4%D0%BE%D1%80%D1%80%D0%B0-%D0%BB%D0%B0-%D0%92%D0%B5%D0%BB%D1%8C%D1%8F,Andora,Europe
a&nX]9[.l*,Armenia,https://en.wikipedia.org/wiki/Armenia,Yerevan,https://en.wikipedia.org/wiki/Yerevan,"<img src=""Armenia (1).png"" />","<img src=""Armenia.png"" />",Арме́ния,https://ru.wikipedia.org/wiki/%D0%90%D1%80%D0%BC%D0%B5%D0%BD%D0%B8%D1%8F,Ерева́н,https://ru.wikipedia.org/wiki/%D0%95%D1%80%D0%B5%D0%B2%D0%B0%D0%BD,Armenija,Europe
q|r?ZtDXbH,Austria,https://en.wikipedia.org/wiki/Austria,Vienna,https://en.wikipedia.org/wiki/Vienna,"<img src=""Austria (1).png"" />","<img src=""Austria.png"" />",А́встрия,https://ru.wikipedia.org/wiki/%D0%90%D0%B2%D1%81%D1%82%D1%80%D0%B8%D1%8F,Ве́на,https://ru.wikipedia.org/wiki/%D0%92%D0%B5%D0%BD%D0%B0,Austrija,Europe
q]szea$9F3,Azerbaijan ,https://en.wikipedia.org/wiki/Azerbaijan,Baku,https://en.wikipedia.org/wiki/Baku,"<img src=""Azerbaijan (1).png"" />","<img src=""Azerbaijan.png"" />",Азербайджа́н,https://ru.wikipedia.org/wiki/%D0%90%D0%B7%D0%B5%D1%80%D0%B1%D0%B0%D0%B9%D0%B4%D0%B6%D0%B0%D0%BD,Баку́,https://ru.wikipedia.org/wiki/%D0%91%D0%B0%D0%BA%D1%83,Azerbajdžan,Europe
ozzPZXX9yP,Belarus,https://en.wikipedia.org/wiki/Belarus,Minsk,https://en.wikipedia.org/wiki/Minsk,"<img src=""Belarus (1).png"" />","<img src=""Belarus.png"" />",Белору́ссия,https://ru.wikipedia.org/wiki/%D0%91%D0%B5%D0%BB%D0%BE%D1%80%D1%83%D1%81%D1%81%D0%B8%D1%8F,Минск,https://ru.wikipedia.org/wiki/%D0%9C%D0%B8%D0%BD%D1%81%D0%BA,Bjelorusija,Europe
ga%B5?Me{z,Belgium,https://en.wikipedia.org/wiki/Belgium,Brussels,https://en.wikipedia.org/wiki/Brussels,"<img src=""Belgium (1).png"" />","<img src=""Belgium.png"" />",Бе́льгия,https://ru.wikipedia.org/wiki/%D0%91%D0%B5%D0%BB%D1%8C%D0%B3%D0%B8%D1%8F,Брюссе́ль,https://ru.wikipedia.org/wiki/%D0%91%D1%80%D1%8E%D1%81%D1%81%D0%B5%D0%BB%D1%8C%D1%81%D0%BA%D0%B8%D0%B9_%D1%81%D1%82%D0%BE%D0%BB%D0%B8%D1%87%D0%BD%D1%8B%D0%B9_%D1%80%D0%B5%D0%B3%D0%B8%D0%BE%D0%BD,Belgija,Europe
o>Z6*OZg5_,Bosnia and Herzegovina,https://en.wikipedia.org/wiki/Bosnia_and_Herzegovina,Sarajevo,https://en.wikipedia.org/wiki/Sarajevo,"<img src=""Bosnia.png"" />","<img src=""Bosnia-and-Herzegovina.png"" />",Бо́сния и Герцегови́на,https://ru.wikipedia.org/wiki/%D0%91%D0%BE%D1%81%D0%BD%D0%B8%D1%8F_%D0%B8_%D0%93%D0%B5%D1%80%D1%86%D0%B5%D0%B3%D0%BE%D0%B2%D0%B8%D0%BD%D0%B0,Сара́ево,https://ru.wikipedia.org/wiki/%D0%A1%D0%B0%D1%80%D0%B0%D0%B5%D0%B2%D0%BE,Bosna i Hercegovina,Europe
eVWAW&1c>b,Bulgaria,https://en.wikipedia.org/wiki/Bulgaria,Sofia,https://en.wikipedia.org/wiki/Sofia,"<img src=""Bulgaria (1).png"" />","<img src=""Bulgaria.png"" />",Болга́рия,https://ru.wikipedia.org/wiki/%D0%91%D0%BE%D0%BB%D0%B3%D0%B0%D1%80%D0%B8%D1%8F,Софи́я,https://ru.wikipedia.org/wiki/%D0%A1%D0%BE%D1%84%D0%B8%D1%8F,Bugarska,Europe
bI);t8VonD,Croatia,https://en.wikipedia.org/wiki/Croatia,Zagreb,https://en.wikipedia.org/wiki/Zagreb,"<img src=""Croatia (1).png"" />","<img src=""Croatia.png"" />",Хорва́тия,https://ru.wikipedia.org/wiki/%D0%A5%D0%BE%D1%80%D0%B2%D0%B0%D1%82%D0%B8%D1%8F,За́греб,https://ru.wikipedia.org/wiki/%D0%97%D0%B0%D0%B3%D1%80%D0%B5%D0%B1,Hrvatska,Europe
ijITM`3fOy,Cyprus,https://en.wikipedia.org/wiki/Cyprus,Nicosia,https://en.wikipedia.org/wiki/Nicosia,"<img src=""Cyprus (1).png"" />","<img src=""Cyprus.png"" />",Ки́пр,https://ru.wikipedia.org/wiki/%D0%A0%D0%B5%D1%81%D0%BF%D1%83%D0%B1%D0%BB%D0%B8%D0%BA%D0%B0_%D0%9A%D0%B8%D0%BF%D1%80,Никоси́я,https://ru.wikipedia.org/wiki/%D0%9D%D0%B8%D0%BA%D0%BE%D1%81%D0%B8%D1%8F,Cipar,Europe
mS=;B0%G^:,Czech Republic,https://en.wikipedia.org/wiki/Czech_Republic,Prague,https://en.wikipedia.org/wiki/Prague,"<img src=""CzechRepublic.png"" />","<img src=""Czech-Republic.png"" />",Че́хия,https://ru.wikipedia.org/wiki/%D0%A7%D0%B5%D1%85%D0%B8%D1%8F,Пра́га,https://ru.wikipedia.org/wiki/%D0%9F%D1%80%D0%B0%D0%B3%D0%B0,Češka,Europe
s&#zDCRUQx,Denmark,https://en.wikipedia.org/wiki/Denmark,Copenhagen,https://en.wikipedia.org/wiki/Copenhagen,"<img src=""Denmark (1).png"" />","<img src=""Denmark.png"" />",Да́ния,https://ru.wikipedia.org/wiki/%D0%94%D0%B0%D0%BD%D0%B8%D1%8F,Копенга́ген,https://ru.wikipedia.org/wiki/%D0%9A%D0%BE%D0%BF%D0%B5%D0%BD%D0%B3%D0%B0%D0%B3%D0%B5%D0%BD,Danska,Europe
h`!2MQfQLS,Estonia,https://en.wikipedia.org/wiki/Estonia,Tallinn,https://en.wikipedia.org/wiki/Tallinn,"<img src=""Estonia (1).png"" />","<img src=""Estonia.png"" />",Эсто́ния,https://ru.wikipedia.org/wiki/%D0%AD%D1%81%D1%82%D0%BE%D0%BD%D0%B8%D1%8F,Та́ллин,https://ru.wikipedia.org/wiki/%D0%A2%D0%B0%D0%BB%D0%BB%D0%B8%D0%BD,Estonija,Europe
rhtyaMdB5Y,Finland,https://en.wikipedia.org/wiki/Finland,Helsinki,https://en.wikipedia.org/wiki/Helsinki,"<img src=""Finland (1).png"" />","<img src=""Finland.png"" />",Финля́ндия,https://ru.wikipedia.org/wiki/%D0%A4%D0%B8%D0%BD%D0%BB%D1%8F%D0%BD%D0%B4%D0%B8%D1%8F,Хе́льсинки,https://ru.wikipedia.org/wiki/%D0%A5%D0%B5%D0%BB%D1%8C%D1%81%D0%B8%D0%BD%D0%BA%D0%B8,Finska,Europe
o_*jG)M|%],Georgia,https://en.wikipedia.org/wiki/Georgia_(country),Tbilisi,https://en.wikipedia.org/wiki/Tbilisi,"<img src=""Georgia (2).png"" />","<img src=""Georgia.png"" />",Гру́зия,https://ru.wikipedia.org/wiki/%D0%93%D1%80%D1%83%D0%B7%D0%B8%D1%8F,Тбили́си,https://ru.wikipedia.org/wiki/%D0%A2%D0%B1%D0%B8%D0%BB%D0%B8%D1%81%D0%B8,Gruzija,Europe
b&FFG2OiH@,Germany,https://en.wikipedia.org/wiki/Germany,Berlin,https://en.wikipedia.org/wiki/Berlin,"<img src=""Germany (1).png"" />","<img src=""Germany.png"" />",Герма́ния,https://ru.wikipedia.org/wiki/%D0%93%D0%B5%D1%80%D0%BC%D0%B0%D0%BD%D0%B8%D1%8F,Берли́н,https://ru.wikipedia.org/wiki/%D0%91%D0%B5%D1%80%D0%BB%D0%B8%D0%BD,Njemačka,Europe
bwTLZrM1tr,Greece,https://en.wikipedia.org/wiki/Greece,Athens,https://en.wikipedia.org/wiki/Athens,"<img src=""Greece (1).png"" />","<img src=""Greece.png"" />",Гре́ция,https://ru.wikipedia.org/wiki/%D0%93%D1%80%D0%B5%D1%86%D0%B8%D1%8F,Афи́ны,https://ru.wikipedia.org/wiki/%D0%90%D1%84%D0%B8%D0%BD%D1%8B,Grčka,Europe
~TZeIf[RA],Hungary,https://en.wikipedia.org/wiki/Hungary,Budapest,https://en.wikipedia.org/wiki/Budapest,"<img src=""Hungary (1).png"" />","<img src=""Hungary.png"" />",Ве́нгрия,https://ru.wikipedia.org/wiki/%D0%92%D0%B5%D0%BD%D0%B3%D1%80%D0%B8%D1%8F,Будапе́шт,https://ru.wikipedia.org/wiki/%D0%91%D1%83%D0%B4%D0%B0%D0%BF%D0%B5%D1%88%D1%82,Madžarska,Europe
g~c`ohZ(}K,Iceland,https://en.wikipedia.org/wiki/Iceland,Reykjavík,https://en.wikipedia.org/wiki/Reykjav%C3%ADk,"<img src=""Iceland (1).png"" />","<img src=""Iceland.png"" />",Исла́ндия,https://ru.wikipedia.org/wiki/%D0%98%D1%81%D0%BB%D0%B0%D0%BD%D0%B4%D0%B8%D1%8F,Рейкья́вик,https://ru.wikipedia.org/wiki/%D0%A0%D0%B5%D0%B9%D0%BA%D1%8C%D1%8F%D0%B2%D0%B8%D0%BA,Island,Europe
oR]dZJB[QT,Ireland,https://en.wikipedia.org/wiki/Ireland,Dublin,https://en.wikipedia.org/wiki/Dublin,"<img src=""Ireland (1).png"" />","<img src=""Ireland.png"" />",Ирла́ндия,https://ru.wikipedia.org/wiki/%D0%98%D1%80%D0%BB%D0%B0%D0%BD%D0%B4%D0%B8%D1%8F,Ду́блин,https://ru.wikipedia.org/wiki/%D0%94%D1%83%D0%B1%D0%BB%D0%B8%D0%BD,Irska,Europe
ouW^9.~/L_,Italy,https://en.wikipedia.org/wiki/Italy,Rome,https://en.wikipedia.org/wiki/Rome,"<img src=""Italy (1).png"" />","<img src=""Italy.png"" />",Ита́лия,https://ru.wikipedia.org/wiki/%D0%98%D1%82%D0%B0%D0%BB%D0%B8%D1%8F,Рим,https://ru.wikipedia.org/wiki/%D0%A0%D0%B8%D0%BC,Italija,Europe
eU*^T|-|aB,Latvia,https://en.wikipedia.org/wiki/Latvia,Riga,https://en.wikipedia.org/wiki/Riga,"<img src=""Latvia (1).png"" />","<img src=""Latvia.png"" />",Ла́твия,https://ru.wikipedia.org/wiki/%D0%9B%D0%B0%D1%82%D0%B2%D0%B8%D1%8F,Ри́га,https://ru.wikipedia.org/wiki/%D0%A0%D0%B8%D0%B3%D0%B0,Letonija,Europe
pE35^:pw/%,Luxembourg ,https://en.wikipedia.org/wiki/Luxembourg,Luxembourg,https://en.wikipedia.org/wiki/Luxembourg_City,"<img src=""Luxembourg (1).png"" />","<img src=""Luxembourg.png"" />",Люксембу́рг,https://ru.wikipedia.org/wiki/%D0%9B%D1%8E%D0%BA%D1%81%D0%B5%D0%BC%D0%B1%D1%83%D1%80%D0%B3,Люксембу́рг,https://ru.wikipedia.org/wiki/%D0%9B%D1%8E%D0%BA%D1%81%D0%B5%D0%BC%D0%B1%D1%83%D1%80%D0%B3_(%D0%B3%D0%BE%D1%80%D0%BE%D0%B4),Luksemburg,Europe
%)c02Zc^W,Lithuania,https://en.wikipedia.org/wiki/Lithuania,Vilnius,https://en.wikipedia.org/wiki/Vilnius,"<img src=""Lithuania (1).png"" />","<img src=""Lithuania.png"" />",Литва́,https://ru.wikipedia.org/wiki/%D0%9B%D0%B8%D1%82%D0%B2%D0%B0,Ви́льнюс,https://ru.wikipedia.org/wiki/%D0%92%D0%B8%D0%BB%D1%8C%D0%BD%D1%8E%D1%81,Litva,Europe
ak3_?I8MKc,Macedonia,https://en.wikipedia.org/wiki/Republic_of_Macedonia,Skopje,https://en.wikipedia.org/wiki/Skopje,"<img src=""Macedonia (1).png"" />","<img src=""Macedonia.png"" />",Македо́ния,https://ru.wikipedia.org/wiki/%D0%A0%D0%B5%D1%81%D0%BF%D1%83%D0%B1%D0%BB%D0%B8%D0%BA%D0%B0_%D0%9C%D0%B0%D0%BA%D0%B5%D0%B4%D0%BE%D0%BD%D0%B8%D1%8F,Ско́пье,https://ru.wikipedia.org/wiki/%D0%A1%D0%BA%D0%BE%D0%BF%D1%8C%D0%B5,Makedonija,Europe
rb.3`S>tuO,Moldova ,https://en.wikipedia.org/wiki/Moldova,Chișinău,https://en.wikipedia.org/wiki/Chi%C8%99in%C4%83u,"<img src=""Moldova (1).png"" />","<img src=""Moldova.png"" />",Молда́вия,https://ru.wikipedia.org/wiki/%D0%9C%D0%BE%D0%BB%D0%B4%D0%B0%D0%B2%D0%B8%D1%8F,Кишинёв,https://ru.wikipedia.org/wiki/%D0%9A%D0%B8%D1%88%D0%B8%D0%BD%D1%91%D0%B2,Moldavija,Europe
a:W*o|.7Oa,Monaco,https://en.wikipedia.org/wiki/Monaco,Monaco,https://en.wikipedia.org/wiki/Monaco,"<img src=""Monaco (1).png"" />","<img src=""Monaco.png"" />",Мона́ко,https://ru.wikipedia.org/wiki/%D0%9C%D0%BE%D0%BD%D0%B0%D0%BA%D0%BE,Мона́ко,https://ru.wikipedia.org/wiki/%D0%9C%D0%BE%D0%BD%D0%B0%D0%BA%D0%BE_(%D0%B3%D0%BE%D1%80%D0%BE%D0%B4),Monako,Europe
i=*+=qJMJM,Montenegro,https://en.wikipedia.org/wiki/Montenegro,Podgorica,https://en.wikipedia.org/wiki/Podgorica,"<img src=""Montenegro (1).png"" />","<img src=""Montenegro.png"" />",Черного́рия,https://ru.wikipedia.org/wiki/%D0%A7%D0%B5%D1%80%D0%BD%D0%BE%D0%B3%D0%BE%D1%80%D0%B8%D1%8F,Подго́рица,https://ru.wikipedia.org/wiki/%D0%9F%D0%BE%D0%B4%D0%B3%D0%BE%D1%80%D0%B8%D1%86%D0%B0,Crna Gora,Europe
~_~Zocg#|D,Netherlands,https://en.wikipedia.org/wiki/Netherlands,Amsterdam,https://en.wikipedia.org/wiki/Amsterdam,"<img src=""Netherlands (1).png"" />","<img src=""Netherlands.png"" />",Нидерла́нды,https://ru.wikipedia.org/wiki/%D0%9D%D0%B8%D0%B4%D0%B5%D1%80%D0%BB%D0%B0%D0%BD%D0%B4%D1%8B,Амстерда́м,https://ru.wikipedia.org/wiki/%D0%90%D0%BC%D1%81%D1%82%D0%B5%D1%80%D0%B4%D0%B0%D0%BC,Nizozemska,Europe
c}c2Hf_{Ks,Norway,https://en.wikipedia.org/wiki/Norway,Oslo,https://en.wikipedia.org/wiki/Oslo,"<img src=""Norway (1).png"" />","<img src=""Norway.png"" />",Норве́гия,https://ru.wikipedia.org/wiki/%D0%9D%D0%BE%D1%80%D0%B2%D0%B5%D0%B3%D0%B8%D1%8F,О́сло,https://ru.wikipedia.org/wiki/%D0%9E%D1%81%D0%BB%D0%BE,Norveška,Europe
a6^g4u59D!,Poland,https://en.wikipedia.org/wiki/Poland,Warsaw,https://en.wikipedia.org/wiki/Warsaw,"<img src=""Poland (1).png"" />","<img src=""Poland.png"" />",По́льша,https://ru.wikipedia.org/wiki/%D0%9F%D0%BE%D0%BB%D1%8C%D1%88%D0%B0,Варша́ва,https://ru.wikipedia.org/wiki/%D0%92%D0%B0%D1%80%D1%88%D0%B0%D0%B2%D0%B0,Poljska,Europe
eWr(O8?_H&,Portugal,https://en.wikipedia.org/wiki/Portugal,Lisbon,https://en.wikipedia.org/wiki/Lisbon,"<img src=""Portugal (1).png"" />","<img src=""Portugal.png"" />",Португа́лия,https://ru.wikipedia.org/wiki/%D0%9F%D0%BE%D1%80%D1%82%D1%83%D0%B3%D0%B0%D0%BB%D0%B8%D1%8F,Лиссабо́н,https://ru.wikipedia.org/wiki/%D0%9B%D0%B8%D1%81%D1%81%D0%B0%D0%B1%D0%BE%D0%BD,Portugal,Europe
m+%=zWn9:a,Romania,https://en.wikipedia.org/wiki/Romania,Bucharest,https://en.wikipedia.org/wiki/Bucharest,"<img src=""Romania (1).png"" />","<img src=""Romania.png"" />",Румы́ния,https://ru.wikipedia.org/wiki/%D0%A0%D1%83%D0%BC%D1%8B%D0%BD%D0%B8%D1%8F,Бухаре́ст,https://ru.wikipedia.org/wiki/%D0%91%D1%83%D1%85%D0%B0%D1%80%D0%B5%D1%81%D1%82,Rumunjska,Europe
tIz.g]0CzL,Serbia,https://en.wikipedia.org/wiki/Serbia,Belgrade,https://en.wikipedia.org/wiki/Belgrade,"<img src=""Serbia (1).png"" />","<img src=""Serbia.png"" />",Се́рбия,https://ru.wikipedia.org/wiki/%D0%A1%D0%B5%D1%80%D0%B1%D0%B8%D1%8F,Белгра́д,https://ru.wikipedia.org/wiki/%D0%91%D0%B5%D0%BB%D0%B3%D1%80%D0%B0%D0%B4,Srbija,Europe
eF^7bzx^!A,San Marino,https://en.wikipedia.org/wiki/San_Marino,City of San Marino,https://en.wikipedia.org/wiki/City_of_San_Marino,"<img src=""SanMarino.png"" />","<img src=""San-Marino.png"" />",Сан-Мари́но,https://ru.wikipedia.org/wiki/%D0%A1%D0%B0%D0%BD-%D0%9C%D0%B0%D1%80%D0%B8%D0%BD%D0%BE,Сан-Мари́но,https://ru.wikipedia.org/wiki/%D0%A1%D0%B0%D0%BD-%D0%9C%D0%B0%D1%80%D0%B8%D0%BD%D0%BE_(%D0%B3%D0%BE%D1%80%D0%BE%D0%B4),San Marino,Europe
e;q<S+~i<Y,Slovakia,https://en.wikipedia.org/wiki/Slovakia,Bratislava,https://en.wikipedia.org/wiki/Bratislava,"<img src=""Slovakia (1).png"" />","<img src=""Slovakia.png"" />",Слова́кия,https://ru.wikipedia.org/wiki/%D0%A1%D0%BB%D0%BE%D0%B2%D0%B0%D0%BA%D0%B8%D1%8F,Братисла́ва,https://ru.wikipedia.org/wiki/%D0%91%D1%80%D0%B0%D1%82%D0%B8%D1%81%D0%BB%D0%B0%D0%B2%D0%B0,Slovačka,Europe
e1soWAEuL7,Switzerland,https://en.wikipedia.org/wiki/Switzerland,Bern,https://en.wikipedia.org/wiki/Bern,"<img src=""Switzerland (1).png"" />","<img src=""Switzerland.png"" />",Швейца́рия,https://ru.wikipedia.org/wiki/%D0%A8%D0%B2%D0%B5%D0%B9%D1%86%D0%B0%D1%80%D0%B8%D1%8F,Бе́рн,https://ru.wikipedia.org/wiki/%D0%91%D0%B5%D1%80%D0%BD,Švicarska,Europe
rA9%|Ytd);,Sweden,https://en.wikipedia.org/wiki/Sweden,Stockholm,https://en.wikipedia.org/wiki/Stockholm,"<img src=""Sweden (1).png"" />","<img src=""Sweden.png"" />",Шве́ция,https://ru.wikipedia.org/wiki/%D0%A8%D0%B2%D0%B5%D1%86%D0%B8%D1%8F,Стокго́льм,https://ru.wikipedia.org/wiki/%D0%A1%D1%82%D0%BE%D0%BA%D0%B3%D0%BE%D0%BB%D1%8C%D0%BC,Švedska,Europe
o)l-8r^(Ux,Spain,https://en.wikipedia.org/wiki/Spain,Madrid,https://en.wikipedia.org/wiki/Madrid,"<img src=""Spain (1).png"" />","<img src=""Spain.png"" />",Испа́ния,https://ru.wikipedia.org/wiki/%D0%98%D1%81%D0%BF%D0%B0%D0%BD%D0%B8%D1%8F,Мадри́д,https://ru.wikipedia.org/wiki/%D0%9C%D0%B0%D0%B4%D1%80%D0%B8%D0%B4,Španjolska,Europe
dT2X-Ij%2?,Slovenia,https://en.wikipedia.org/wiki/Slovenia,Ljubljana,https://en.wikipedia.org/wiki/Ljubljana,"<img src=""Slovenia (1).png"" />","<img src=""Slovenia.png"" />",Слове́ния,https://ru.wikipedia.org/wiki/%D0%A1%D0%BB%D0%BE%D0%B2%D0%B5%D0%BD%D0%B8%D1%8F,Лю́бляна,https://ru.wikipedia.org/wiki/%D0%9B%D1%8E%D0%B1%D0%BB%D1%8F%D0%BD%D0%B0,Slovenija,Europe
cG<RuwrWb6,Turkey,https://en.wikipedia.org/wiki/Turkey,Ankara,https://en.wikipedia.org/wiki/Ankara,"<img src=""Turkey (1).png"" />","<img src=""Turkey.png"" />",Ту́рция,https://ru.wikipedia.org/wiki/%D0%A2%D1%83%D1%80%D1%86%D0%B8%D1%8F,Анкара́,https://ru.wikipedia.org/wiki/%D0%90%D0%BD%D0%BA%D0%B0%D1%80%D0%B0,Turska,Europe
r`329o>#Gv,Ukraine,https://en.wikipedia.org/wiki/Ukraine,Kiev,https://en.wikipedia.org/wiki/Kiev,"<img src=""Ukraine (1).png"" />","<img src=""Ukraine.png"" />",Украи́на,https://ru.wikipedia.org/wiki/%D0%A3%D0%BA%D1%80%D0%B0%D0%B8%D0%BD%D0%B0,Ки́ев,https://ru.wikipedia.org/wiki/%D0%9A%D0%B8%D0%B5%D0%B2,Ukrajina,Europe
rgZxs8^:V5,Vatican City,https://en.wikipedia.org/wiki/Vatican_City,Vatican City,https://en.wikipedia.org/wiki/Vatican_City,"<img src=""VaticanCity.png"" />","<img src=""Vatican-City.png"" />",Ватика́н,https://ru.wikipedia.org/wiki/%D0%92%D0%B0%D1%82%D0%B8%D0%BA%D0%B0%D0%BD,Ватика́н,https://ru.wikipedia.org/wiki/%D0%92%D0%B0%D1%82%D0%B8%D0%BA%D0%B0%D0%BD,Vatikan,Europe
tm7Kq?U77C,Wales,https://en.wikipedia.org/wiki/Wales,Cardiff,https://en.wikipedia.org/wiki/Cardiff,"<img src=""Wales (1).png"" />","<img src=""Wales.png"" />",Уэ́льс,https://ru.wikipedia.org/wiki/%D0%A3%D1%8D%D0%BB%D1%8C%D1%81,Ка́рдифф,https://ru.wikipedia.org/wiki/%D0%9A%D0%B0%D1%80%D0%B4%D0%B8%D1%84%D1%84,Vejls,Europe
c68o+ZKQgw,Kosovo,https://en.wikipedia.org/wiki/Kosovo,Priština,https://en.wikipedia.org/wiki/Pristina,"<img src=""Kosovo (1).png"" />","<img src=""Kosovo.png"" />",Ко́сово,https://ru.wikipedia.org/wiki/%D0%A0%D0%B5%D1%81%D0%BF%D1%83%D0%B1%D0%BB%D0%B8%D0%BA%D0%B0_%D0%9A%D0%BE%D1%81%D0%BE%D0%B2%D0%BE,При́штина,https://ru.wikipedia.org/wiki/%D0%9F%D1%80%D0%B8%D1%88%D1%82%D0%B8%D0%BD%D0%B0,Kosovo,Europe
hcBL^U7v<Y,Liechtenstein,https://en.wikipedia.org/wiki/Liechtenstein,Vaduz,https://en.wikipedia.org/wiki/Vaduz,"<img src=""Liechtenstein (1).png"" />","<img src=""Liechtenstein.png"" />",Лихтенште́йн,https://ru.wikipedia.org/wiki/%D0%9B%D0%B8%D1%85%D1%82%D0%B5%D0%BD%D1%88%D1%82%D0%B5%D0%B9%D0%BD,Ваду́ц,https://ru.wikipedia.org/wiki/%D0%92%D0%B0%D0%B4%D1%83%D1%86,Lihtenštajn,Europe
h$l3c;k3BQ,Malta,https://en.wikipedia.org/wiki/Malta,Valletta,https://en.wikipedia.org/wiki/Valletta,"<img src=""Malta (1).png"" />","<img src=""Malta.png"" />",Ма́льта,https://ru.wikipedia.org/wiki/%D0%9C%D0%B0%D0%BB%D1%8C%D1%82%D0%B0,Валле́тта,https://ru.wikipedia.org/wiki/%D0%92%D0%B0%D0%BB%D0%BB%D0%B5%D1%82%D1%82%D0%B0,Malta,Europe
~cGBd4~6;[,Russia,https://en.wikipedia.org/wiki/Russia,Moscow,https://en.wikipedia.org/wiki/Moscow,"<img src=""Russia (1).png"" />","<img src=""Russia.png"" />",Росси́я,https://ru.wikipedia.org/wiki/%D0%A0%D0%BE%D1%81%D1%81%D0%B8%D1%8F,Москва́,https://ru.wikipedia.org/wiki/%D0%9C%D0%BE%D1%81%D0%BA%D0%B2%D0%B0,Rusija,Russia
"mm,FE&{Qy)",Egypt,https://en.wikipedia.org/wiki/Egypt,Cairo,https://en.wikipedia.org/wiki/Cairo,"<img src=""Egypt (1).png"" />","<img src=""Egypt.png"" />",Еги́пет,https://ru.wikipedia.org/wiki/%D0%95%D0%B3%D0%B8%D0%BF%D0%B5%D1%82,Каи́р,https://ru.wikipedia.org/wiki/%D0%9A%D0%B0%D0%B8%D1%80,Egipat,Africa
o7MA8cnPgH,Algeria,https://en.wikipedia.org/wiki/Algeria,Algiers,https://en.wikipedia.org/wiki/Algiers,"<img src=""Algeria (1).png"" />","<img src=""Algeria.png"" />",Алжи́р,https://ru.wikipedia.org/wiki/%D0%90%D0%BB%D0%B6%D0%B8%D1%80,Алжи́р,https://ru.wikipedia.org/wiki/%D0%90%D0%BB%D0%B6%D0%B8%D1%80_(%D0%B3%D0%BE%D1%80%D0%BE%D0%B4),Alžir,Africa
soPSWR`37[,Angola,https://en.wikipedia.org/wiki/Angola,Luanda,https://en.wikipedia.org/wiki/Luanda,"<img src=""Angola (1).png"" />","<img src=""Angola.png"" />",Анго́ла,https://ru.wikipedia.org/wiki/%D0%90%D0%BD%D0%B3%D0%BE%D0%BB%D0%B0,Луа́нда,https://ru.wikipedia.org/wiki/%D0%9B%D1%83%D0%B0%D0%BD%D0%B4%D0%B0,Angola,Africa
l/b9:{=f%A,Benin,https://en.wikipedia.org/wiki/Benin,Porto-Novo,https://en.wikipedia.org/wiki/Porto-Novo,"<img src=""Benin (1).png"" />","<img src=""Benin.png"" />",Бени́н,https://ru.wikipedia.org/wiki/%D0%91%D0%B5%D0%BD%D0%B8%D0%BD,По́рто-Но́во,https://ru.wikipedia.org/wiki/%D0%9F%D0%BE%D1%80%D1%82%D0%BE-%D0%9D%D0%BE%D0%B2%D0%BE,Benin,Africa
h1(L/Qu9dD,Botswana,https://en.wikipedia.org/wiki/Botswana,Gaborone,https://en.wikipedia.org/wiki/Gaborone,"<img src=""Botswana (1).png"" />","<img src=""Botswana.png"" />",Ботсва́на,https://ru.wikipedia.org/wiki/%D0%91%D0%BE%D1%82%D1%81%D0%B2%D0%B0%D0%BD%D0%B0,Габоро́не,https://ru.wikipedia.org/wiki/%D0%93%D0%B0%D0%B1%D0%BE%D1%80%D0%BE%D0%BD%D0%B5,Bocvana,Africa
*{|Lbtb1o,Burkina Faso,https://en.wikipedia.org/wiki/Burkina_Faso,Ouagadougou,https://en.wikipedia.org/wiki/Ouagadougou,"<img src=""BurkinaFaso.png"" />","<img src=""Burkina-Faso.png"" />",Буркина́-Фасо́,https://ru.wikipedia.org/wiki/%D0%91%D1%83%D1%80%D0%BA%D0%B8%D0%BD%D0%B0-%D0%A4%D0%B0%D1%81%D0%BE,Уагаду́гу,https://ru.wikipedia.org/wiki/%D0%A3%D0%B0%D0%B3%D0%B0%D0%B4%D1%83%D0%B3%D1%83,Burkina Faso,Africa
eE.jf>.p<-,Cameroon,https://en.wikipedia.org/wiki/Cameroon,Yaoundé,https://en.wikipedia.org/wiki/Yaound%C3%A9,"<img src=""Cameroon (1).png"" />","<img src=""Cameroon.png"" />",Камеру́н,https://ru.wikipedia.org/wiki/%D0%9A%D0%B0%D0%BC%D0%B5%D1%80%D1%83%D0%BD,Я́унде,https://ru.wikipedia.org/wiki/%D0%AF%D1%83%D0%BD%D0%B4%D0%B5,Kamerun,Africa
"ed/x,`0H0{",Burundi,https://en.wikipedia.org/wiki/Burundi,Bujumbura,https://en.wikipedia.org/wiki/Bujumbura,"<img src=""Burundi (1).png"" />","<img src=""Burundi.png"" />",Буру́нди,https://ru.wikipedia.org/wiki/%D0%91%D1%83%D1%80%D1%83%D0%BD%D0%B4%D0%B8,Бужумбу́ра,https://ru.wikipedia.org/wiki/%D0%91%D1%83%D0%B6%D1%83%D0%BC%D0%B1%D1%83%D1%80%D0%B0,Burundi,Africa
tMPy2#p8l5,Cape Verde,https://en.wikipedia.org/wiki/Cape_Verde,Praia,https://en.wikipedia.org/wiki/Praia,"<img src=""CapeVerde.png"" />","<img src=""Cape-Verde.png"" />",Ка́бо-Ве́рде,https://ru.wikipedia.org/wiki/%D0%9A%D0%B0%D0%B1%D0%BE-%D0%92%D0%B5%D1%80%D0%B4%D0%B5,Пра́я,https://ru.wikipedia.org/wiki/%D0%9F%D1%80%D0%B0%D1%8F,Zelenortska republika,Africa
C0k&bqc/>,São Tomé and Príncipe,https://en.wikipedia.org/wiki/S%C3%A3o_Tom%C3%A9_and_Pr%C3%ADncipe,São Tomé,https://en.wikipedia.org/wiki/S%C3%A3o_Tom%C3%A9,"<img src=""SaoTomeAndPrincipe.png"" />","<img src=""Sao-Tome-and-Principe.png"" />",Сан-Томе́ и При́нсипи,https://ru.wikipedia.org/wiki/%D0%A1%D0%B0%D0%BD-%D0%A2%D0%BE%D0%BC%D0%B5_%D0%B8_%D0%9F%D1%80%D0%B8%D0%BD%D1%81%D0%B8%D0%BF%D0%B8,Сан-Томе́,https://ru.wikipedia.org/wiki/%D0%A1%D0%B0%D0%BD-%D0%A2%D0%BE%D0%BC%D0%B5_(%D0%B3%D0%BE%D1%80%D0%BE%D0%B4),Sveti Toma i Prinsipe,Africa
eX(jNGE%!{,Central African Republic,https://en.wikipedia.org/wiki/Central_African_Republic,Bangui,https://en.wikipedia.org/wiki/Bangui,"<img src=""CentralAfricanRepublic.png"" />","<img src=""Central-African-Republic.png"" />",Центральноафрика́нская Респу́блика (ЦАР),https://ru.wikipedia.org/wiki/%D0%A6%D0%B5%D0%BD%D1%82%D1%80%D0%B0%D0%BB%D1%8C%D0%BD%D0%BE%D0%B0%D1%84%D1%80%D0%B8%D0%BA%D0%B0%D0%BD%D1%81%D0%BA%D0%B0%D1%8F_%D0%A0%D0%B5%D1%81%D0%BF%D1%83%D0%B1%D0%BB%D0%B8%D0%BA%D0%B0,Банги́,https://ru.wikipedia.org/wiki/%D0%91%D0%B0%D0%BD%D0%B3%D0%B8,Srednjoafrička Republika,Africa
h;Lbm*xq*;,Chad,https://en.wikipedia.org/wiki/Chad,N'Djamena,https://en.wikipedia.org/wiki/N'Djamena,"<img src=""Chad (1).png"" />","<img src=""Chad.png"" />",Ча́д,https://ru.wikipedia.org/wiki/%D0%A7%D0%B0%D0%B4,Нджаме́на,https://ru.wikipedia.org/wiki/%D0%9D%D0%B4%D0%B6%D0%B0%D0%BC%D0%B5%D0%BD%D0%B0,Čad,Africa
r_J`cL@%21,Equatorial Guinea,https://en.wikipedia.org/wiki/Equatorial_Guinea,Malabo,https://en.wikipedia.org/wiki/Malabo,"<img src=""EquatorialGuinea.png"" />","<img src=""Equatorial-Guinea.png"" />",Экваториа́льная Гвине́я,https://ru.wikipedia.org/wiki/%D0%AD%D0%BA%D0%B2%D0%B0%D1%82%D0%BE%D1%80%D0%B8%D0%B0%D0%BB%D1%8C%D0%BD%D0%B0%D1%8F_%D0%93%D0%B2%D0%B8%D0%BD%D0%B5%D1%8F,Мала́бо,https://ru.wikipedia.org/wiki/%D0%9C%D0%B0%D0%BB%D0%B0%D0%B1%D0%BE,Ekvatorska Gvineja,Africa
hMAQ}ld>@f,Kenya,https://en.wikipedia.org/wiki/Kenya,Nairobi,https://en.wikipedia.org/wiki/Nairobi,"<img src=""Kenya (1).png"" />","<img src=""Kenya.png"" />",Ке́ния,https://ru.wikipedia.org/wiki/%D0%9A%D0%B5%D0%BD%D0%B8%D1%8F,Найро́би,https://ru.wikipedia.org/wiki/%D0%9D%D0%B0%D0%B9%D1%80%D0%BE%D0%B1%D0%B8,Kenija,Africa
m2?N6.@OwD,Comoros,https://en.wikipedia.org/wiki/Comoros,Moroni,"https://en.wikipedia.org/wiki/Moroni,_Comoros","<img src=""Comoros (1).png"" />","<img src=""Comoros.png"" />",Комо́ры,https://ru.wikipedia.org/wiki/%D0%9A%D0%BE%D0%BC%D0%BE%D1%80%D1%8B,Моро́ни,https://ru.wikipedia.org/wiki/%D0%9C%D0%BE%D1%80%D0%BE%D0%BD%D0%B8,Komori,Africa
gQsP.-r(//,Ivory Coast<br />,https://en.wikipedia.org/wiki/Ivory_Coast,Yamoussoukro,https://en.wikipedia.org/wiki/Yamoussoukro,"<img src=""IvoryCoast.png"" />","<img src=""Ivory-Coast.png"" />",Кот-д’Ивуа́р,https://ru.wikipedia.org/wiki/%D0%9A%D0%BE%D1%82-%D0%B4%E2%80%99%D0%98%D0%B2%D1%83%D0%B0%D1%80,Ямусу́кро,https://ru.wikipedia.org/wiki/%D0%AF%D0%BC%D1%83%D1%81%D1%83%D0%BA%D1%80%D0%BE,Obala Bjelokosti,Africa
g])3!kjbFK,Democratic Republic of Congo,https://en.wikipedia.org/wiki/Democratic_Republic_of_the_Congo,Kinshasa,https://en.wikipedia.org/wiki/Kinshasa,"<img src=""CongoDemocratic.png"" />","<img src=""Democratic-Republic-of-Congo.png"" />",Демократи́ческая Респу́блика Ко́нго,https://ru.wikipedia.org/wiki/%D0%94%D0%B5%D0%BC%D0%BE%D0%BA%D1%80%D0%B0%D1%82%D0%B8%D1%87%D0%B5%D1%81%D0%BA%D0%B0%D1%8F_%D0%A0%D0%B5%D1%81%D0%BF%D1%83%D0%B1%D0%BB%D0%B8%D0%BA%D0%B0_%D0%9A%D0%BE%D0%BD%D0%B3%D0%BE,Кинша́са ,https://ru.wikipedia.org/wiki/%D0%9A%D0%B8%D0%BD%D1%88%D0%B0%D1%81%D0%B0,Kongo,Africa
nRvyn)OQn7,Djibouti,https://en.wikipedia.org/wiki/Djibouti,Djibouti,https://en.wikipedia.org/wiki/Djibouti_(city),"<img src=""Djibouti (1).png"" />","<img src=""Djibouti.png"" />",Джибу́ти,https://ru.wikipedia.org/wiki/%D0%94%D0%B6%D0%B8%D0%B1%D1%83%D1%82%D0%B8,Джибу́ти,https://ru.wikipedia.org/wiki/%D0%94%D0%B6%D0%B8%D0%B1%D1%83%D1%82%D0%B8_(%D0%B3%D0%BE%D1%80%D0%BE%D0%B4),Džibuti,Africa
r{OY^w#eTJ,Guinea-Bissau,https://en.wikipedia.org/wiki/Guinea-Bissau,Bissau,https://en.wikipedia.org/wiki/Bissau,"<img src=""Guinea-Bissau (1).png"" />","<img src=""Guinea-Bissau.png"" />",Гвине́я-Биса́у,https://ru.wikipedia.org/wiki/%D0%93%D0%B2%D0%B8%D0%BD%D0%B5%D1%8F-%D0%91%D0%B8%D1%81%D0%B0%D1%83,Биса́у,https://ru.wikipedia.org/wiki/%D0%91%D0%B8%D1%81%D0%B0%D1%83,Gvineja Bisau,Africa
n-5q:$:eha,Eritrea,https://en.wikipedia.org/wiki/Eritrea,Asmara,https://en.wikipedia.org/wiki/Asmara,"<img src=""Eritrea (1).png"" />","<img src=""Eritrea.png"" />",Эритре́я,https://ru.wikipedia.org/wiki/%D0%AD%D1%80%D0%B8%D1%82%D1%80%D0%B5%D1%8F,Асмэ́ра,https://ru.wikipedia.org/wiki/%D0%90%D1%81%D0%BC%D1%8D%D1%80%D0%B0,Eritreja,Africa
d!}(HCT2fr,Ethiopia,https://en.wikipedia.org/wiki/Ethiopia,Addis Ababa,https://en.wikipedia.org/wiki/Addis_Ababa,"<img src=""Ethiopia (1).png"" />","<img src=""Ethiopia.png"" />",Эфио́пия,https://ru.wikipedia.org/wiki/%D0%AD%D1%84%D0%B8%D0%BE%D0%BF%D0%B8%D1%8F,Адди́с-Абе́ба,https://ru.wikipedia.org/wiki/%D0%90%D0%B4%D0%B4%D0%B8%D1%81-%D0%90%D0%B1%D0%B5%D0%B1%D0%B0,Etiopija,Africa
mMWvl@t%1/,Gabon,https://en.wikipedia.org/wiki/Gabon,Libreville,https://en.wikipedia.org/wiki/Libreville,"<img src=""Gabon (1).png"" />","<img src=""Gabon.png"" />",Габо́н,https://ru.wikipedia.org/wiki/%D0%93%D0%B0%D0%B1%D0%BE%D0%BD,Либреви́ль,https://ru.wikipedia.org/wiki/%D0%9B%D0%B8%D0%B1%D1%80%D0%B5%D0%B2%D0%B8%D0%BB%D1%8C,Gabon,Africa
lr<05NC`;t,Gambia,https://en.wikipedia.org/wiki/The_Gambia,Banjul,https://en.wikipedia.org/wiki/Banjul,"<img src=""Gambia (1).png"" />","<img src=""Gambia.png"" />",Га́мбия,https://ru.wikipedia.org/wiki/%D0%93%D0%B0%D0%BC%D0%B1%D0%B8%D1%8F,Банжу́л,https://ru.wikipedia.org/wiki/%D0%91%D0%B0%D0%BD%D0%B6%D1%83%D0%BB,Gambija,Africa
k`Ujm({jn.,Lesotho,https://en.wikipedia.org/wiki/Lesotho,Maseru,https://en.wikipedia.org/wiki/Maseru,"<img src=""Lesotho (1).png"" />","<img src=""Lesotho.png"" />",Лесо́то,https://ru.wikipedia.org/wiki/%D0%9B%D0%B5%D1%81%D0%BE%D1%82%D0%BE,Ма́серу,https://ru.wikipedia.org/wiki/%D0%9C%D0%B0%D1%81%D0%B5%D1%80%D1%83,Lesoto,Africa
"qR@*;_,#bh",Liberia,https://en.wikipedia.org/wiki/Liberia,Monrovia,https://en.wikipedia.org/wiki/Monrovia,"<img src=""Liberia (1).png"" />","<img src=""Liberia.png"" />",Либе́рия,https://ru.wikipedia.org/wiki/%D0%9B%D0%B8%D0%B1%D0%B5%D1%80%D0%B8%D1%8F,Монро́вия,https://ru.wikipedia.org/wiki/%D0%9C%D0%BE%D0%BD%D1%80%D0%BE%D0%B2%D0%B8%D1%8F,Liberija,Africa
"b,XZFK9={H",Madagascar,https://en.wikipedia.org/wiki/Madagascar,Antananarivo,https://en.wikipedia.org/wiki/Antananarivo,"<img src=""Madagascar (1).png"" />","<img src=""Madagascar.png"" />",Мадагаска́р,https://ru.wikipedia.org/wiki/%D0%9C%D0%B0%D0%B4%D0%B0%D0%B3%D0%B0%D1%81%D0%BA%D0%B0%D1%80,Антананари́ву,https://ru.wikipedia.org/wiki/%D0%90%D0%BD%D1%82%D0%B0%D0%BD%D0%B0%D0%BD%D0%B0%D1%80%D0%B8%D0%B2%D1%83,Madagaskar,Africa
hJ.&59_<yl,Malawi,https://en.wikipedia.org/wiki/Malawi,Lilongwe,https://en.wikipedia.org/wiki/Lilongwe,"<img src=""Malawi (1).png"" />","<img src=""Malawi.png"" />",Мала́ви,https://ru.wikipedia.org/wiki/%D0%9C%D0%B0%D0%BB%D0%B0%D0%B2%D0%B8,Лило́нгве,https://ru.wikipedia.org/wiki/%D0%9B%D0%B8%D0%BB%D0%BE%D0%BD%D0%B3%D0%B2%D0%B5,Malavi,Africa
khmfb}+^{v,Mali,https://en.wikipedia.org/wiki/Mali,Bamako,https://en.wikipedia.org/wiki/Bamako,"<img src=""Mali (1).png"" />","<img src=""Mali.png"" />",Мали́,https://ru.wikipedia.org/wiki/%D0%9C%D0%B0%D0%BB%D0%B8,Бамако́,https://ru.wikipedia.org/wiki/%D0%91%D0%B0%D0%BC%D0%B0%D0%BA%D0%BE,Mali,Africa
tfKe7`wiQ&,Mauritania,https://en.wikipedia.org/wiki/Mauritania,Nouakchott,https://en.wikipedia.org/wiki/Nouakchott,"<img src=""Mauritania (1).png"" />","<img src=""Mauritania.png"" />",Маврита́ния,https://ru.wikipedia.org/wiki/%D0%9C%D0%B0%D0%B2%D1%80%D0%B8%D1%82%D0%B0%D0%BD%D0%B8%D1%8F,Нуакшо́т,https://ru.wikipedia.org/wiki/%D0%9D%D1%83%D0%B0%D0%BA%D1%88%D0%BE%D1%82,Mauritanija,Africa
kjN|QfyO%n,Morocco,https://en.wikipedia.org/wiki/Morocco,Rabat,https://en.wikipedia.org/wiki/Rabat,"<img src=""Morocco (2).png"" />","<img src=""Morocco.png"" />",Маро́кко,https://ru.wikipedia.org/wiki/%D0%9C%D0%B0%D1%80%D0%BE%D0%BA%D0%BA%D0%BE,Раба́т,https://ru.wikipedia.org/wiki/%D0%A0%D0%B0%D0%B1%D0%B0%D1%82,Maroko,Africa
hb15c/3wo4,Mozambique,https://en.wikipedia.org/wiki/Mozambique,Maputo,https://en.wikipedia.org/wiki/Maputo,"<img src=""Mozambique (2).png"" />","<img src=""Mozambique.png"" />",Мозамби́к,https://ru.wikipedia.org/wiki/%D0%9C%D0%BE%D0%B7%D0%B0%D0%BC%D0%B1%D0%B8%D0%BA,Мапу́ту,https://ru.wikipedia.org/wiki/%D0%9C%D0%B0%D0%BF%D1%83%D1%82%D1%83,Mozambik,Africa
qAbmV>Z[zY,Namibia,https://en.wikipedia.org/wiki/Namibia,Windhoek,https://en.wikipedia.org/wiki/Windhoek,"<img src=""Namibia (1).png"" />","<img src=""Namibia.png"" />",Нами́бия,https://ru.wikipedia.org/wiki/%D0%9D%D0%B0%D0%BC%D0%B8%D0%B1%D0%B8%D1%8F,Ви́ндхук,https://ru.wikipedia.org/wiki/%D0%92%D0%B8%D0%BD%D0%B4%D1%85%D1%83%D0%BA,Namibija,Africa
s{(^k(SN-q,Niger,https://en.wikipedia.org/wiki/Niger,Niamey,https://en.wikipedia.org/wiki/Niamey,"<img src=""Niger (1).png"" />","<img src=""Niger.png"" />",Ни́гер,https://ru.wikipedia.org/wiki/%D0%9D%D0%B8%D0%B3%D0%B5%D1%80,Ниаме́й,https://ru.wikipedia.org/wiki/%D0%9D%D0%B8%D0%B0%D0%BC%D0%B5%D0%B9,Niger,Africa
h(P#l$l-/t,Nigeria,https://en.wikipedia.org/wiki/Nigeria,Abuja,https://en.wikipedia.org/wiki/Abuja,"<img src=""Nigeria (1).png"" />","<img src=""Nigeria.png"" />",Ниге́рия,https://ru.wikipedia.org/wiki/%D0%9D%D0%B8%D0%B3%D0%B5%D1%80%D0%B8%D1%8F,Абу́джа,https://ru.wikipedia.org/wiki/%D0%90%D0%B1%D1%83%D0%B4%D0%B6%D0%B0,Nigerija,Africa
"r,_/BDI7B?",Republic of Congo,https://en.wikipedia.org/wiki/Republic_of_the_Congo,Brazzaville,https://en.wikipedia.org/wiki/Brazzaville,"<img src=""RepublicCongo.png"" />","<img src=""Republic-of-Congo.png"" />",Респу́блика Ко́нго,https://ru.wikipedia.org/wiki/%D0%A0%D0%B5%D1%81%D0%BF%D1%83%D0%B1%D0%BB%D0%B8%D0%BA%D0%B0_%D0%9A%D0%BE%D0%BD%D0%B3%D0%BE,Браззави́ль,https://ru.wikipedia.org/wiki/%D0%91%D1%80%D0%B0%D0%B7%D0%B7%D0%B0%D0%B2%D0%B8%D0%BB%D1%8C,Kongo,Africa
fq(?qT@B*F,Rwanda,https://en.wikipedia.org/wiki/Rwanda,Kigali,https://en.wikipedia.org/wiki/Kigali,"<img src=""Rwanda (1).png"" />","<img src=""Rwanda.png"" />",Руа́нда,https://ru.wikipedia.org/wiki/%D0%A0%D1%83%D0%B0%D0%BD%D0%B4%D0%B0,Кига́ли,https://ru.wikipedia.org/wiki/%D0%9A%D0%B8%D0%B3%D0%B0%D0%BB%D0%B8,Ruanda,Africa
sbaWPZ=nT6,Senegal,https://en.wikipedia.org/wiki/Senegal,Dakar,https://en.wikipedia.org/wiki/Dakar,"<img src=""Senegal (1).png"" />","<img src=""Senegal.png"" />",Сенега́л,https://ru.wikipedia.org/wiki/%D0%A1%D0%B5%D0%BD%D0%B5%D0%B3%D0%B0%D0%BB,Дака́р,https://ru.wikipedia.org/wiki/%D0%94%D0%B0%D0%BA%D0%B0%D1%80,Senegal,Africa
cS9)xMEA8e,Seychelles,https://en.wikipedia.org/wiki/Seychelles,Victoria,"https://en.wikipedia.org/wiki/Victoria,_Seychelles","<img src=""Seychelles (1).png"" />","<img src=""Seychelles.png"" />",Сейше́льские Острова́,https://ru.wikipedia.org/wiki/%D0%A1%D0%B5%D0%B9%D1%88%D0%B5%D0%BB%D1%8C%D1%81%D0%BA%D0%B8%D0%B5_%D0%9E%D1%81%D1%82%D1%80%D0%BE%D0%B2%D0%B0,Викто́рия,https://ru.wikipedia.org/wiki/%D0%92%D0%B8%D0%BA%D1%82%D0%BE%D1%80%D0%B8%D1%8F_(%D0%A1%D0%B5%D0%B9%D1%88%D0%B5%D0%BB%D1%8C%D1%81%D0%BA%D0%B8%D0%B5_%D0%9E%D1%81%D1%82%D1%80%D0%BE%D0%B2%D0%B0),Sejšeli,Africa
c-07RT~tBS,Sierra Leone,https://en.wikipedia.org/wiki/Sierra_Leone,Freetown,https://en.wikipedia.org/wiki/Freetown,"<img src=""SierraLeone.png"" />","<img src=""Sierra-Leone.png"" />",Сье́рра-Лео́не,https://ru.wikipedia.org/wiki/%D0%A1%D1%8C%D0%B5%D1%80%D1%80%D0%B0-%D0%9B%D0%B5%D0%BE%D0%BD%D0%B5,Фри́таун,https://ru.wikipedia.org/wiki/%D0%A4%D1%80%D0%B8%D1%82%D0%B0%D1%83%D0%BD,Sijera Leone,Africa
"i.1W,$h)/-",Somalia,https://en.wikipedia.org/wiki/Somalia,Mogadishu,https://en.wikipedia.org/wiki/Mogadishu,"<img src=""Somalia (1).png"" />","<img src=""Somalia.png"" />",Сомали́,https://ru.wikipedia.org/wiki/%D0%A1%D0%BE%D0%BC%D0%B0%D0%BB%D0%B8,Могади́шо,https://ru.wikipedia.org/wiki/%D0%9C%D0%BE%D0%B3%D0%B0%D0%B4%D0%B8%D1%88%D0%BE,Somalija,Africa
c4/$zj(JZJ,South African Republic,https://en.wikipedia.org/wiki/South_African_Republic,Pretoria,https://en.wikipedia.org/wiki/Pretoria,"<img src=""SouthAfrica.png"" />","<img src=""South-African-Republic.png"" />",Ю́жно-Африка́нская Респу́блика (ЮАР),https://ru.wikipedia.org/wiki/%D0%AE%D0%B6%D0%BD%D0%BE-%D0%90%D1%84%D1%80%D0%B8%D0%BA%D0%B0%D0%BD%D1%81%D0%BA%D0%B0%D1%8F_%D0%A0%D0%B5%D1%81%D0%BF%D1%83%D0%B1%D0%BB%D0%B8%D0%BA%D0%B0,Прето́рия,https://ru.wikipedia.org/wiki/%D0%9F%D1%80%D0%B5%D1%82%D0%BE%D1%80%D0%B8%D1%8F,Južnoafrička Repubilika,Africa
n/<KVvLwrE,Sudan,https://en.wikipedia.org/wiki/Sudan,Khartoum,https://en.wikipedia.org/wiki/Khartoum,"<img src=""Sudan (1).png"" />","<img src=""Sudan.png"" />",Суда́н,https://ru.wikipedia.org/wiki/%D0%A1%D1%83%D0%B4%D0%B0%D0%BD,Харту́м,https://ru.wikipedia.org/wiki/%D0%A5%D0%B0%D1%80%D1%82%D1%83%D0%BC,Sudan,Africa
r*24|sot35,Swaziland,https://en.wikipedia.org/wiki/Swaziland,Lobamba,https://en.wikipedia.org/wiki/Lobamba,"<img src=""Swaziland (1).png"" />","<img src=""Swaziland.png"" />",Сва́зиле́нд,https://ru.wikipedia.org/wiki/%D0%A1%D0%B2%D0%B0%D0%B7%D0%B8%D0%BB%D0%B5%D0%BD%D0%B4,Лоба́мба,https://ru.wikipedia.org/wiki/%D0%9B%D0%BE%D0%B1%D0%B0%D0%BC%D0%B1%D0%B0,Svazi,Africa
dUC9lg`nQp,Tanzania,https://en.wikipedia.org/wiki/Tanzania,Dodoma,https://en.wikipedia.org/wiki/Dodoma,"<img src=""Tanzania (1).png"" />","<img src=""Tanzania.png"" />",Танза́ния,https://ru.wikipedia.org/wiki/%D0%A2%D0%B0%D0%BD%D0%B7%D0%B0%D0%BD%D0%B8%D1%8F,Додо́ма,https://ru.wikipedia.org/wiki/%D0%94%D0%BE%D0%B4%D0%BE%D0%BC%D0%B0,Tanzanija,Africa
er<[f?nFK@,Togo,https://en.wikipedia.org/wiki/Togo,Lomé,https://en.wikipedia.org/wiki/Lom%C3%A9,"<img src=""Togo (1).png"" />","<img src=""Togo.png"" />",То́го,https://ru.wikipedia.org/wiki/%D0%A2%D0%BE%D0%B3%D0%BE,Ломе́,https://ru.wikipedia.org/wiki/%D0%9B%D0%BE%D0%BC%D0%B5,Togo,Africa
azSt}K%v#n,Tunisia,https://en.wikipedia.org/wiki/Tunisia,Tunis,https://en.wikipedia.org/wiki/Tunis,"<img src=""Tunisia (1).png"" />","<img src=""Tunisia.png"" />",Туни́с,https://ru.wikipedia.org/wiki/%D0%A2%D1%83%D0%BD%D0%B8%D1%81,Туни́с,https://ru.wikipedia.org/wiki/%D0%A2%D1%83%D0%BD%D0%B8%D1%81_(%D0%B3%D0%BE%D1%80%D0%BE%D0%B4),Tunis,Africa
dw7I$r$%Pm,Uganda&nbsp;,https://en.wikipedia.org/wiki/Uganda,Kampala,https://en.wikipedia.org/wiki/Kampala,"<img src=""Uganda (1).png"" />","<img src=""Uganda.png"" />",Уга́нда,https://ru.wikipedia.org/wiki/%D0%A3%D0%B3%D0%B0%D0%BD%D0%B4%D0%B0,Кампа́ла,https://ru.wikipedia.org/wiki/%D0%9A%D0%B0%D0%BC%D0%BF%D0%B0%D0%BB%D0%B0,Uganda,Africa
p;-ZH#700&,Western Sahara,https://en.wikipedia.org/wiki/Western_Sahara,El Aaiún,https://en.wikipedia.org/wiki/Laayoune,"<img src=""WestSahara.png"" />","<img src=""Western-Sahara.png"" />",За́падная Саха́ра,https://ru.wikipedia.org/wiki/%D0%97%D0%B0%D0%BF%D0%B0%D0%B4%D0%BD%D0%B0%D1%8F_%D0%A1%D0%B0%D1%85%D0%B0%D1%80%D0%B0,Эль-Аю́н,https://ru.wikipedia.org/wiki/%D0%AD%D0%BB%D1%8C-%D0%90%D1%8E%D0%BD,Zapadna Sahara,Africa
c>[l5R5ADE,Zambia,https://en.wikipedia.org/wiki/Zambia,Lusaka,https://en.wikipedia.org/wiki/Lusaka,"<img src=""Zambia (1).png"" />","<img src=""Zambia.png"" />",За́мбия,https://ru.wikipedia.org/wiki/%D0%97%D0%B0%D0%BC%D0%B1%D0%B8%D1%8F,Луса́ка,https://ru.wikipedia.org/wiki/%D0%9B%D1%83%D1%81%D0%B0%D0%BA%D0%B0,Zambija,Africa
k4Q&|u5z**,Zimbabwe,https://en.wikipedia.org/wiki/Zimbabwe,Harare,https://en.wikipedia.org/wiki/Harare,"<img src=""Zimbabwe (1).png"" />","<img src=""Zimbabwe.png"" />",Зимба́бве,https://ru.wikipedia.org/wiki/%D0%97%D0%B8%D0%BC%D0%B1%D0%B0%D0%B1%D0%B2%D0%B5,Хара́ре,https://ru.wikipedia.org/wiki/%D0%A5%D0%B0%D1%80%D0%B0%D1%80%D0%B5,Zimbabve,Africa
qs;`+@jam+,Canary Islands,https://en.wikipedia.org/wiki/Canary_Islands,Santa Cruz de Tenerife / Las Palmas,https://en.wikipedia.org/wiki/Santa_Cruz_de_Tenerife,"<img src=""CanaryIslands.png"" />","<img src=""Canary-Islands.png"" />",Кана́рские острова́,https://ru.wikipedia.org/wiki/%D0%9A%D0%B0%D0%BD%D0%B0%D1%80%D1%81%D0%BA%D0%B8%D0%B5_%D0%BE%D1%81%D1%82%D1%80%D0%BE%D0%B2%D0%B0,Са́нта-Крус-де-Тенери́фе / Лас-Па́льмас-де-Гран-Кана́рия,https://ru.wikipedia.org/wiki/%D0%A1%D0%B0%D0%BD%D1%82%D0%B0-%D0%9A%D1%80%D1%83%D1%81-%D0%B4%D0%B5-%D0%A2%D0%B5%D0%BD%D0%B5%D1%80%D0%B8%D1%84%D0%B5,Kanarsko otočje,Africa
j*vFeiQl8s,Ghana,https://en.wikipedia.org/wiki/Ghana,Accra,https://en.wikipedia.org/wiki/Accra,"<img src=""Ghana (1).png"" />","<img src=""Ghana.png"" />",Га́на,https://ru.wikipedia.org/wiki/%D0%93%D0%B0%D0%BD%D0%B0,А́ккра,https://ru.wikipedia.org/wiki/%D0%90%D0%BA%D0%BA%D1%80%D0%B0,Gana,Africa
iPrIES)#M*,Guinea,https://en.wikipedia.org/wiki/Guinea,Conakry,https://en.wikipedia.org/wiki/Conakry,"<img src=""Guinea (1).png"" />","<img src=""Guinea.png"" />",Гвине́я,https://ru.wikipedia.org/wiki/%D0%93%D0%B2%D0%B8%D0%BD%D0%B5%D1%8F,Конакри́,https://ru.wikipedia.org/wiki/%D0%9A%D0%BE%D0%BD%D0%B0%D0%BA%D1%80%D0%B8,Gvineja,Africa
qXv;57GVG2,Libya,https://en.wikipedia.org/wiki/Libya,Tripoli,https://en.wikipedia.org/wiki/Tripoli,"<img src=""Libya (1).png"" />","<img src=""Libya.png"" />",Ли́вия,https://ru.wikipedia.org/wiki/%D0%9B%D0%B8%D0%B2%D0%B8%D1%8F,Три́поли,https://ru.wikipedia.org/wiki/%D0%A2%D1%80%D0%B8%D0%BF%D0%BE%D0%BB%D0%B8,Libija,Africa
kI&Zg7/+vu,Kazakhstan ,https://en.wikipedia.org/wiki/Kazakhstan,Astana,https://en.wikipedia.org/wiki/Astana,"<img src=""Kazakhstan (1).png"" />","<img src=""Kazakhstan.png"" />",Казахста́н,https://ru.wikipedia.org/wiki/%D0%9A%D0%B0%D0%B7%D0%B0%D1%85%D1%81%D1%82%D0%B0%D0%BD,Астана́,https://ru.wikipedia.org/wiki/%D0%90%D1%81%D1%82%D0%B0%D0%BD%D0%B0,Kazahstan,West_Asia
~Vk|dv25b?,Afghanistan,https://en.wikipedia.org/wiki/Afghanistan,Kabul,https://en.wikipedia.org/wiki/Kabul,"<img src=""Afghanistan (1).png"" />","<img src=""Afghanistan.png"" />",Афганиста́н,https://ru.wikipedia.org/wiki/%D0%90%D1%84%D0%B3%D0%B0%D0%BD%D0%B8%D1%81%D1%82%D0%B0%D0%BD,Кабу́л,https://ru.wikipedia.org/wiki/%D0%9A%D0%B0%D0%B1%D1%83%D0%BB,Afganistan,West_Asia
qwEg&TVI&D,Bahrain,https://en.wikipedia.org/wiki/Bahrain,Manama,https://en.wikipedia.org/wiki/Manama,"<img src=""Bahrain (1).png"" />","<img src=""Bahrain.png"" />",Бахре́йн,https://ru.wikipedia.org/wiki/%D0%91%D0%B0%D1%85%D1%80%D0%B5%D0%B9%D0%BD,Мана́ма,https://ru.wikipedia.org/wiki/%D0%9C%D0%B0%D0%BD%D0%B0%D0%BC%D0%B0,Bahrein,West_Asia
o1fTrC.axK,Iran,https://en.wikipedia.org/wiki/Iran,Tehran,https://en.wikipedia.org/wiki/Tehran,"<img src=""Iran (1).png"" />","<img src=""Iran.png"" />",Ира́н,https://ru.wikipedia.org/wiki/%D0%98%D1%80%D0%B0%D0%BD,Тегера́н,https://ru.wikipedia.org/wiki/%D0%A2%D0%B5%D0%B3%D0%B5%D1%80%D0%B0%D0%BD,Iran,West_Asia
joIyW@0o>_,Israel,https://en.wikipedia.org/wiki/Israel,Jerusalem,https://en.wikipedia.org/wiki/Jerusalem,"<img src=""Israel (1).png"" />","<img src=""Israel.png"" />",Изра́иль,https://ru.wikipedia.org/wiki/%D0%98%D0%B7%D1%80%D0%B0%D0%B8%D0%BB%D1%8C,Иерусали́м,https://ru.wikipedia.org/wiki/%D0%98%D0%B5%D1%80%D1%83%D1%81%D0%B0%D0%BB%D0%B8%D0%BC,Izrael,West_Asia
ka6.3Yya8j,Iraq,https://en.wikipedia.org/wiki/Iraq,Baghdad,https://en.wikipedia.org/wiki/Baghdad,"<img src=""Iraq (1).png"" />","<img src=""Iraq.png"" />",Ира́к,https://ru.wikipedia.org/wiki/%D0%98%D1%80%D0%B0%D0%BA,Багда́д,https://ru.wikipedia.org/wiki/%D0%91%D0%B0%D0%B3%D0%B4%D0%B0%D0%B4,Irak,West_Asia
gi//{-8^kj,Jordan,https://en.wikipedia.org/wiki/Jordan,Amman,https://en.wikipedia.org/wiki/Amman,"<img src=""Jordan (1).png"" />","<img src=""Jordan.png"" />",Иорда́ния,https://ru.wikipedia.org/wiki/%D0%98%D0%BE%D1%80%D0%B4%D0%B0%D0%BD%D0%B8%D1%8F,Амма́н,https://ru.wikipedia.org/wiki/%D0%90%D0%BC%D0%BC%D0%B0%D0%BD,Jordan,West_Asia
hHdK)Qa4d<,Lebanon,https://en.wikipedia.org/wiki/Lebanon,Beirut,https://en.wikipedia.org/wiki/Beirut,"<img src=""Lebanon (1).png"" />","<img src=""Lebanon.png"" />",Лива́н,https://ru.wikipedia.org/wiki/%D0%9B%D0%B8%D0%B2%D0%B0%D0%BD,Бейру́т,https://ru.wikipedia.org/wiki/%D0%91%D0%B5%D0%B9%D1%80%D1%83%D1%82,Libanon,West_Asia
f>H$Q.M^H<,Kyrgyzstan<br />,https://en.wikipedia.org/wiki/Kyrgyzstan,Bishkek,https://en.wikipedia.org/wiki/Bishkek,"<img src=""Kyrgyzstan (1).png"" />","<img src=""Kyrgyzstan.png"" />",Кирги́зия,https://ru.wikipedia.org/wiki/%D0%9A%D0%B8%D1%80%D0%B3%D0%B8%D0%B7%D0%B8%D1%8F,Бишке́к,https://ru.wikipedia.org/wiki/%D0%91%D0%B8%D1%88%D0%BA%D0%B5%D0%BA,Kirgistan,West_Asia
p58Q9Ipvrf,Kuwait,https://en.wikipedia.org/wiki/Kuwait,Kuwait City,https://en.wikipedia.org/wiki/Kuwait_City,"<img src=""Kuwait (1).png"" />","<img src=""Kuwait.png"" />",Куве́йт,https://ru.wikipedia.org/wiki/%D0%9A%D1%83%D0%B2%D0%B5%D0%B9%D1%82,Эль-Куве́йт,https://ru.wikipedia.org/wiki/%D0%AD%D0%BB%D1%8C-%D0%9A%D1%83%D0%B2%D0%B5%D0%B9%D1%82,Kuvajt,West_Asia
g(z%Wh)_[o,Oman,https://en.wikipedia.org/wiki/Oman,Muscat,https://en.wikipedia.org/wiki/Muscat,"<img src=""Oman (1).png"" />","<img src=""Oman.png"" />",Ома́н,https://ru.wikipedia.org/wiki/%D0%9E%D0%BC%D0%B0%D0%BD,Мáскат,https://ru.wikipedia.org/wiki/%D0%9C%D0%B0%D1%81%D0%BA%D0%B0%D1%82,Oman,West_Asia
j|ywChp0@],Palestine,https://en.wikipedia.org/wiki/State_of_Palestine,Ramallah,https://en.wikipedia.org/wiki/Ramallah,"<img src=""Palestine (1).png"" />","<img src=""Palestine.png"" />",Палести́на,https://ru.wikipedia.org/wiki/%D0%93%D0%BE%D1%81%D1%83%D0%B4%D0%B0%D1%80%D1%81%D1%82%D0%B2%D0%BE_%D0%9F%D0%B0%D0%BB%D0%B5%D1%81%D1%82%D0%B8%D0%BD%D0%B0,Рама́лла,https://ru.wikipedia.org/wiki/%D0%A0%D0%B0%D0%BC%D0%B0%D0%BB%D0%BB%D0%B0,Palestina,West_Asia
"ksK,:f=KTB",Pakistan,https://en.wikipedia.org/wiki/Pakistan,Islamabad,https://en.wikipedia.org/wiki/Islamabad,"<img src=""Pakistan (1).png"" />","<img src=""Pakistan.png"" />",Пакиста́н,https://ru.wikipedia.org/wiki/%D0%9F%D0%B0%D0%BA%D0%B8%D1%81%D1%82%D0%B0%D0%BD,Исламаба́д,https://ru.wikipedia.org/wiki/%D0%98%D1%81%D0%BB%D0%B0%D0%BC%D0%B0%D0%B1%D0%B0%D0%B4,Pakistan,West_Asia
gVvh#/qMPA,Qatar,https://en.wikipedia.org/wiki/Qatar,Doha,https://en.wikipedia.org/wiki/Doha,"<img src=""Qatar (1).png"" />","<img src=""Qatar.png"" />",Катáр,https://ru.wikipedia.org/wiki/%D0%9A%D0%B0%D1%82%D0%B0%D1%80,До́ха,https://ru.wikipedia.org/wiki/%D0%94%D0%BE%D1%85%D0%B0,Katar,West_Asia
njQYN=8_4+,Saudi Arabia,https://en.wikipedia.org/wiki/Saudi_Arabia,Riyadh,https://en.wikipedia.org/wiki/Riyadh,"<img src=""SaudiArabia.png"" />","<img src=""Saudi-Arabia.png"" />",Сау́довская Ара́вия,https://ru.wikipedia.org/wiki/%D0%A1%D0%B0%D1%83%D0%B4%D0%BE%D0%B2%D1%81%D0%BA%D0%B0%D1%8F_%D0%90%D1%80%D0%B0%D0%B2%D0%B8%D1%8F,Эр-Рия́д,https://ru.wikipedia.org/wiki/%D0%AD%D1%80-%D0%A0%D0%B8%D1%8F%D0%B4,Saudijska Arabija,West_Asia
ct@VfXu9S[,Syria,https://en.wikipedia.org/wiki/Syria,Damascus,https://en.wikipedia.org/wiki/Damascus,"<img src=""Syria (1).png"" />","<img src=""Syria.png"" />",Си́рия,https://ru.wikipedia.org/wiki/%D0%A1%D0%B8%D1%80%D0%B8%D1%8F,Дама́ск,https://ru.wikipedia.org/wiki/%D0%94%D0%B0%D0%BC%D0%B0%D1%81%D0%BA,Sirija,West_Asia
j)Q$A(rk}C,Tajikistan,https://en.wikipedia.org/wiki/Tajikistan,Dushanbe,https://en.wikipedia.org/wiki/Dushanbe,"<img src=""Tajikistan (1).png"" />","<img src=""Tajikistan.png"" />",Таджикиста́н,https://ru.wikipedia.org/wiki/%D0%A2%D0%B0%D0%B4%D0%B6%D0%B8%D0%BA%D0%B8%D1%81%D1%82%D0%B0%D0%BD,Душанбе́,https://ru.wikipedia.org/wiki/%D0%94%D1%83%D1%88%D0%B0%D0%BD%D0%B1%D0%B5,Tadžikistan,West_Asia
b2J@!u`}G),United Arab Emirates,https://en.wikipedia.org/wiki/United_Arab_Emirates,Abu Dhabi,https://en.wikipedia.org/wiki/Abu_Dhabi,"<img src=""UnitedArabEmirates.png"" />","<img src=""United-Arab-Emirates.png"" />",Объединённые Ара́бские Эмира́ты (ОАЭ),https://ru.wikipedia.org/wiki/%D0%9E%D0%B1%D1%8A%D0%B5%D0%B4%D0%B8%D0%BD%D1%91%D0%BD%D0%BD%D1%8B%D0%B5_%D0%90%D1%80%D0%B0%D0%B1%D1%81%D0%BA%D0%B8%D0%B5_%D0%AD%D0%BC%D0%B8%D1%80%D0%B0%D1%82%D1%8B,А́бу-Да́би,https://ru.wikipedia.org/wiki/%D0%90%D0%B1%D1%83-%D0%94%D0%B0%D0%B1%D0%B8,Ujedinjeni Arapski Emirati,West_Asia
fW-OR)tx]-,Turkmenistan,https://en.wikipedia.org/wiki/Turkmenistan,Ashgabat,https://en.wikipedia.org/wiki/Ashgabat,"<img src=""Turkmenistan (1).png"" />","<img src=""Turkmenistan.png"" />",Туркме́ния,https://ru.wikipedia.org/wiki/%D0%A2%D1%83%D1%80%D0%BA%D0%BC%D0%B5%D0%BD%D0%B8%D1%8F,Ашхаба́д,https://ru.wikipedia.org/wiki/%D0%90%D1%88%D1%85%D0%B0%D0%B1%D0%B0%D0%B4,Turkmenistan,West_Asia
kj{V[r-AIA,Yemen,https://en.wikipedia.org/wiki/Yemen,Sana'a,https://en.wikipedia.org/wiki/Sana'a,"<img src=""Yemen (1).png"" />","<img src=""Yemen.png"" />",Йе́мен,https://ru.wikipedia.org/wiki/%D0%99%D0%B5%D0%BC%D0%B5%D0%BD,Са́на,https://ru.wikipedia.org/wiki/%D0%A1%D0%B0%D0%BD%D0%B0,Jemen,West_Asia
p;Cs{0CSJ*,Uzbekistan,https://en.wikipedia.org/wiki/Uzbekistan,Tashkent,https://en.wikipedia.org/wiki/Tashkent,"<img src=""Uzbekistan (1).png"" />","<img src=""Uzbekistan.png"" />",Узбекиста́н,https://ru.wikipedia.org/wiki/%D0%A3%D0%B7%D0%B1%D0%B5%D0%BA%D0%B8%D1%81%D1%82%D0%B0%D0%BD,Ташке́нт,https://ru.wikipedia.org/wiki/%D0%A2%D0%B0%D1%88%D0%BA%D0%B5%D0%BD%D1%82,Uzbekistan,West_Asia
cz+UaE&(-3,Australia,https://en.wikipedia.org/wiki/Australia,Canberra,https://en.wikipedia.org/wiki/Canberra,"<img src=""Australia (1).png"" />","<img src=""Australia.png"" />",Австра́лия,https://ru.wikipedia.org/wiki/%D0%90%D0%B2%D1%81%D1%82%D1%80%D0%B0%D0%BB%D0%B8%D1%8F,Канбе́рра,https://ru.wikipedia.org/wiki/%D0%9A%D0%B0%D0%BD%D0%B1%D0%B5%D1%80%D1%80%D0%B0,Australija,Oceania
j2+t4=8!6p,New Zealand,https://en.wikipedia.org/wiki/New_Zealand,Wellington,https://en.wikipedia.org/wiki/Wellington,"<img src=""NewZealand.png"" />","<img src=""New-Zealand.png"" />",Но́вая Зела́ндия,https://ru.wikipedia.org/wiki/%D0%9D%D0%BE%D0%B2%D0%B0%D1%8F_%D0%97%D0%B5%D0%BB%D0%B0%D0%BD%D0%B4%D0%B8%D1%8F,Веллингто́н,https://ru.wikipedia.org/wiki/%D0%92%D0%B5%D0%BB%D0%BB%D0%B8%D0%BD%D0%B3%D1%82%D0%BE%D0%BD,Novi Zeland,Oceania
"[<^Z,{,vV",Bangladesh,https://en.wikipedia.org/wiki/Bangladesh,Dhaka,https://en.wikipedia.org/wiki/Dhaka,"<img src=""Bangladesh (1).png"" />","<img src=""Bangladesh.png"" />",Бангладе́ш,https://ru.wikipedia.org/wiki/%D0%91%D0%B0%D0%BD%D0%B3%D0%BB%D0%B0%D0%B4%D0%B5%D1%88,Да́кка,https://ru.wikipedia.org/wiki/%D0%94%D0%B0%D0%BA%D0%BA%D0%B0,Bangladeš,East_Asia
e;ya4hG_q%,Bhutan,https://en.wikipedia.org/wiki/Bhutan,Thimphu,https://en.wikipedia.org/wiki/Thimphu,"<img src=""Bhutan (1).png"" />","<img src=""Bhutan.png"" />",Бута́н,https://ru.wikipedia.org/wiki/%D0%91%D1%83%D1%82%D0%B0%D0%BD,Тхимпху́,https://ru.wikipedia.org/wiki/%D0%A2%D1%85%D0%B8%D0%BC%D0%BF%D1%85%D1%83,Butan,East_Asia
gH<6J7z64F,Brunei,https://en.wikipedia.org/wiki/Brunei,Bandar Seri Begawan,https://en.wikipedia.org/wiki/Bandar_Seri_Begawan,"<img src=""Brunei (1).png"" />","<img src=""Brunei.png"" />",Бруне́й,https://ru.wikipedia.org/wiki/%D0%91%D1%80%D1%83%D0%BD%D0%B5%D0%B9,Ба́ндар-Сери́-Бега́ван,https://ru.wikipedia.org/wiki/%D0%91%D0%B0%D0%BD%D0%B4%D0%B0%D1%80-%D0%A1%D0%B5%D1%80%D0%B8-%D0%91%D0%B5%D0%B3%D0%B0%D0%B2%D0%B0%D0%BD,Brunej,East_Asia
k`VH(UYB(l,China,https://en.wikipedia.org/wiki/China,Beijing,https://en.wikipedia.org/wiki/Beijing,"<img src=""China (1).png"" />","<img src=""China.png"" />",Кита́й (КНР),https://ru.wikipedia.org/wiki/%D0%9A%D0%B8%D1%82%D0%B0%D0%B9,Пеки́н,https://ru.wikipedia.org/wiki/%D0%9F%D0%B5%D0%BA%D0%B8%D0%BD,Kina,East_Asia
jmAYloQdOv,Cambodia,https://en.wikipedia.org/wiki/Cambodia,Phnom Penh,https://en.wikipedia.org/wiki/Phnom_Penh,"<img src=""Cambodia (1).png"" />","<img src=""Cambodia.png"" />",Камбо́джа,https://ru.wikipedia.org/wiki/%D0%9A%D0%B0%D0%BC%D0%B1%D0%BE%D0%B4%D0%B6%D0%B0,Пномпе́нь,https://ru.wikipedia.org/wiki/%D0%9F%D0%BD%D0%BE%D0%BC%D0%BF%D0%B5%D0%BD%D1%8C,Kambodža,East_Asia
aKw368/l{W,Indonesia,https://en.wikipedia.org/wiki/Indonesia,Jakarta,https://en.wikipedia.org/wiki/Jakarta,"<img src=""Indonesia (1).png"" />","<img src=""Indonesia.png"" />",Индоне́зия,https://ru.wikipedia.org/wiki/%D0%98%D0%BD%D0%B4%D0%BE%D0%BD%D0%B5%D0%B7%D0%B8%D1%8F,Джака́рта,https://ru.wikipedia.org/wiki/%D0%94%D0%B6%D0%B0%D0%BA%D0%B0%D1%80%D1%82%D0%B0,Indonezija,East_Asia
c<pQD>d*s<,India,https://en.wikipedia.org/wiki/India,New Delhi,https://en.wikipedia.org/wiki/New_Delhi,"<img src=""India (1).png"" />","<img src=""India.png"" />",И́ндия,https://ru.wikipedia.org/wiki/%D0%98%D0%BD%D0%B4%D0%B8%D1%8F,Нью-Де́ли,https://ru.wikipedia.org/wiki/%D0%9D%D1%8C%D1%8E-%D0%94%D0%B5%D0%BB%D0%B8,Indija,East_Asia
k@d1bLm-)],Hong Kong,https://en.wikipedia.org/wiki/Hong_Kong,,,"<img src=""HongKong.png"" />","<img src=""Hong-Kong.png"" />",Гонко́нг,https://ru.wikipedia.org/wiki/%D0%93%D0%BE%D0%BD%D0%BA%D0%BE%D0%BD%D0%B3,,,Hong Kong,East_Asia
e82_uusA$p,South Korea,https://en.wikipedia.org/wiki/South_Korea,Seoul,https://en.wikipedia.org/wiki/Seoul,"<img src=""SouthKorea.png"" />","<img src=""South-Korea.png"" />",Ю́жная Коре́я,https://ru.wikipedia.org/wiki/%D0%A0%D0%B5%D1%81%D0%BF%D1%83%D0%B1%D0%BB%D0%B8%D0%BA%D0%B0_%D0%9A%D0%BE%D1%80%D0%B5%D1%8F,Сеу́л,https://ru.wikipedia.org/wiki/%D0%A1%D0%B5%D1%83%D0%BB,Južna Koreja,East_Asia
e}hkBGj!J7,North Korea,https://en.wikipedia.org/wiki/North_Korea,Pyongyang,https://en.wikipedia.org/wiki/Pyongyang,"<img src=""NorthKorea.png"" />","<img src=""North-Korea.png"" />",Се́верная Коре́я,https://ru.wikipedia.org/wiki/%D0%9A%D0%BE%D1%80%D0%B5%D0%B9%D1%81%D0%BA%D0%B0%D1%8F_%D0%9D%D0%B0%D1%80%D0%BE%D0%B4%D0%BD%D0%BE-%D0%94%D0%B5%D0%BC%D0%BE%D0%BA%D1%80%D0%B0%D1%82%D0%B8%D1%87%D0%B5%D1%81%D0%BA%D0%B0%D1%8F_%D0%A0%D0%B5%D1%81%D0%BF%D1%83%D0%B1%D0%BB%D0%B8%D0%BA%D0%B0,Пхенья́н,https://ru.wikipedia.org/wiki/%D0%9F%D1%85%D0%B5%D0%BD%D1%8C%D1%8F%D0%BD,Sjeverna Koreja,East_Asia
fD~e%Pn@CE,Japan,https://en.wikipedia.org/wiki/Japan,Tokyo,https://en.wikipedia.org/wiki/Tokyo,"<img src=""Japan (1).png"" />","<img src=""Japan.png"" />",Япо́ния,https://ru.wikipedia.org/wiki/%D0%AF%D0%BF%D0%BE%D0%BD%D0%B8%D1%8F,То́кио,https://ru.wikipedia.org/wiki/%D0%A2%D0%BE%D0%BA%D0%B8%D0%BE,Japan,East_Asia
dQ<H].myE9,Laos,https://en.wikipedia.org/wiki/Laos,Vientiane,https://en.wikipedia.org/wiki/Vientiane,"<img src=""Laos (1).png"" />","<img src=""Laos.png"" />",Лао́с,https://ru.wikipedia.org/wiki/%D0%9B%D0%B0%D0%BE%D1%81,Вьентья́н,https://ru.wikipedia.org/wiki/%D0%92%D1%8C%D0%B5%D0%BD%D1%82%D1%8C%D1%8F%D0%BD,Laos,East_Asia
m}FFR#r`O.,Burma,https://en.wikipedia.org/wiki/Myanmar,Naypyidaw,https://en.wikipedia.org/wiki/Naypyidaw,"<img src=""Burma (1).png"" />","<img src=""Burma.png"" />",Мья́нма,https://ru.wikipedia.org/wiki/%D0%9C%D1%8C%D1%8F%D0%BD%D0%BC%D0%B0,Нейпьидо́,https://ru.wikipedia.org/wiki/%D0%9D%D0%B5%D0%B9%D0%BF%D1%8C%D0%B8%D0%B4%D0%BE,Burma,East_Asia
"s,C|o0K2q)",Mongolia,https://en.wikipedia.org/wiki/Mongolia,Ulan Bator,https://en.wikipedia.org/wiki/Ulaanbaatar,"<img src=""Mongolia (1).png"" />","<img src=""Mongolia.png"" />",Монго́лия,https://ru.wikipedia.org/wiki/%D0%9C%D0%BE%D0%BD%D0%B3%D0%BE%D0%BB%D0%B8%D1%8F,Ула́н-Ба́тор,https://ru.wikipedia.org/wiki/%D0%A3%D0%BB%D0%B0%D0%BD-%D0%91%D0%B0%D1%82%D0%BE%D1%80,Mongolija,East_Asia
c3{wl^n?L(,Maldives,https://en.wikipedia.org/wiki/Maldives,Malé,https://en.wikipedia.org/wiki/Mal%C3%A9,"<img src=""Maldives (1).png"" />","<img src=""Maldives.png"" />",Мальди́вы,https://ru.wikipedia.org/wiki/%D0%9C%D0%B0%D0%BB%D1%8C%D0%B4%D0%B8%D0%B2%D1%8B,Ма́ле,https://ru.wikipedia.org/wiki/%D0%9C%D0%B0%D0%BB%D0%B5,Maldivi,East_Asia
nCtK~k7TD/,Malaysia,https://en.wikipedia.org/wiki/Malaysia,Kuala Lumpur,https://en.wikipedia.org/wiki/Kuala_Lumpur,"<img src=""Malaysia (1).png"" />","<img src=""Malaysia.png"" />",Мала́йзия,https://ru.wikipedia.org/wiki/%D0%9C%D0%B0%D0%BB%D0%B0%D0%B9%D0%B7%D0%B8%D1%8F,Куа́ла-Лу́мпур,https://ru.wikipedia.org/wiki/%D0%9A%D1%83%D0%B0%D0%BB%D0%B0-%D0%9B%D1%83%D0%BC%D0%BF%D1%83%D1%80,Malezija,East_Asia
ka%S}}5d?R,Macau,https://en.wikipedia.org/wiki/Macau,,,"<img src=""Macau (1).png"" />","<img src=""Macau.png"" />",Мака́о,https://ru.wikipedia.org/wiki/%D0%9C%D0%B0%D0%BA%D0%B0%D0%BE,,,Makao,East_Asia
l%v~[a$>w],Nepal,https://en.wikipedia.org/wiki/Nepal,Kathmandu,https://en.wikipedia.org/wiki/Kathmandu,"<img src=""Nepal (1).png"" />","<img src=""Nepal.png"" />",Непа́л,https://ru.wikipedia.org/wiki/%D0%9D%D0%B5%D0%BF%D0%B0%D0%BB,Катманду́,https://ru.wikipedia.org/wiki/%D0%9A%D0%B0%D1%82%D0%BC%D0%B0%D0%BD%D0%B4%D1%83,Nepal,East_Asia
ig8_#XAD~f,Philippines,https://en.wikipedia.org/wiki/Philippines,Manila,https://en.wikipedia.org/wiki/Manila,"<img src=""Philippines (1).png"" />","<img src=""Philippines.png"" />",Филиппи́ны,https://ru.wikipedia.org/wiki/%D0%A4%D0%B8%D0%BB%D0%B8%D0%BF%D0%BF%D0%B8%D0%BD%D1%8B,Мани́ла,https://ru.wikipedia.org/wiki/%D0%9C%D0%B0%D0%BD%D0%B8%D0%BB%D0%B0,Filipini,East_Asia
"qo*jB?,eVS",Singapore,https://en.wikipedia.org/wiki/Singapore,,,"<img src=""Singapore (1).png"" />","<img src=""Singapore.png"" />",Сингапу́р,https://ru.wikipedia.org/wiki/%D0%A1%D0%B8%D0%BD%D0%B3%D0%B0%D0%BF%D1%83%D1%80,,,Singapur,East_Asia
o7z<$?PLA3,Taiwan,https://en.wikipedia.org/wiki/Taiwan,Taipei,https://en.wikipedia.org/wiki/Taipei,"<img src=""Taiwan (1).png"" />","<img src=""Taiwan.png"" />",Тайва́нь,https://ru.wikipedia.org/wiki/%D0%A2%D0%B0%D0%B9%D0%B2%D0%B0%D0%BD%D1%8C,Тайбэ́й,https://ru.wikipedia.org/wiki/%D0%A2%D0%B0%D0%B9%D0%B1%D1%8D%D0%B9,Tajvan,East_Asia
fn&`jOI}%#,Sri Lanka,https://en.wikipedia.org/wiki/Sri_Lanka,Sri Jayawardenapura Kotte,https://en.wikipedia.org/wiki/Sri_Jayawardenepura_Kotte,"<img src=""Sri Lanka.png"" />","<img src=""Sri-Lanka.png"" />",Шри-Ла́нка́,https://ru.wikipedia.org/wiki/%D0%A8%D1%80%D0%B8-%D0%9B%D0%B0%D0%BD%D0%BA%D0%B0,Шри-Джаява́рденепура-Ко́тте,https://ru.wikipedia.org/wiki/%D0%A8%D1%80%D0%B8-%D0%94%D0%B6%D0%B0%D1%8F%D0%B2%D0%B0%D1%80%D0%B4%D0%B5%D0%BD%D0%B5%D0%BF%D1%83%D1%80%D0%B0-%D0%9A%D0%BE%D1%82%D1%82%D0%B5,Šri Lanka,East_Asia
jl;pf&ep%h,Thailand,https://en.wikipedia.org/wiki/Thailand,Bangkok,https://en.wikipedia.org/wiki/Bangkok,"<img src=""Thailand (1).png"" />","<img src=""Thailand.png"" />",Таила́нд,https://ru.wikipedia.org/wiki/%D0%A2%D0%B0%D0%B8%D0%BB%D0%B0%D0%BD%D0%B4,Бангко́к (Крунгте́п),https://ru.wikipedia.org/wiki/%D0%91%D0%B0%D0%BD%D0%B3%D0%BA%D0%BE%D0%BA,Tajland,East_Asia
-m0k^(!tg,East Timor<br />,https://en.wikipedia.org/wiki/East_Timor,Dili,https://en.wikipedia.org/wiki/Dili,"<img src=""EastTimor.png"" />","<img src=""East-Timor.png"" />",Восто́чный Тимо́р,https://ru.wikipedia.org/wiki/%D0%92%D0%BE%D1%81%D1%82%D0%BE%D1%87%D0%BD%D1%8B%D0%B9_%D0%A2%D0%B8%D0%BC%D0%BE%D1%80,Ди́ли,https://ru.wikipedia.org/wiki/%D0%94%D0%B8%D0%BB%D0%B8,Timor Leste,East_Asia
o/[tCQfB{T,Vietnam,https://en.wikipedia.org/wiki/Vietnam,Hanoi,https://en.wikipedia.org/wiki/Hanoi,"<img src=""Vietnam (1).png"" />","<img src=""Vietnam.png"" />",Вьетна́м,https://ru.wikipedia.org/wiki/%D0%92%D1%8C%D0%B5%D1%82%D0%BD%D0%B0%D0%BC,Хано́й,https://ru.wikipedia.org/wiki/%D0%A5%D0%B0%D0%BD%D0%BE%D0%B9,Vijetnam,East_Asia
q!r`E.gjG!,Papua New Guinea,https://en.wikipedia.org/wiki/Papua_New_Guinea,Port Moresby,https://en.wikipedia.org/wiki/Port_Moresby,"<img src=""PapuaNewGuinea.png"" />","<img src=""Papua-New-Guinea.png"" />",Па́пуа-Но́вая Гвине́я,https://ru.wikipedia.org/wiki/%D0%9F%D0%B0%D0%BF%D1%83%D0%B0_%E2%80%94_%D0%9D%D0%BE%D0%B2%D0%B0%D1%8F_%D0%93%D0%B2%D0%B8%D0%BD%D0%B5%D1%8F,Порт-Мо́рсби,https://ru.wikipedia.org/wiki/%D0%9F%D0%BE%D1%80%D1%82-%D0%9C%D0%BE%D1%80%D1%81%D0%B1%D0%B8,Papua Nova Gvineja,East_Asia
hAK;wAvTKL,Argentina,https://en.wikipedia.org/wiki/Argentina,Buenos Aires,https://en.wikipedia.org/wiki/Buenos_Aires,"<img src=""Argentina (1).png"" />","<img src=""Argentina.png"" />",Аргенти́на,https://ru.wikipedia.org/wiki/%D0%90%D1%80%D0%B3%D0%B5%D0%BD%D1%82%D0%B8%D0%BD%D0%B0,Буэ́нос-А́йрес,https://ru.wikipedia.org/wiki/%D0%91%D1%83%D1%8D%D0%BD%D0%BE%D1%81-%D0%90%D0%B9%D1%80%D0%B5%D1%81,Argentina,South_America
in(!_<5/xD,Bolivia,https://en.wikipedia.org/wiki/Bolivia,Sucre,https://en.wikipedia.org/wiki/Sucre,"<img src=""Bolivia (1).png"" />","<img src=""Bolivia.png"" />",Боли́вия,https://ru.wikipedia.org/wiki/%D0%91%D0%BE%D0%BB%D0%B8%D0%B2%D0%B8%D1%8F,Су́кре,https://ru.wikipedia.org/wiki/%D0%A1%D1%83%D0%BA%D1%80%D0%B5_(%D0%B3%D0%BE%D1%80%D0%BE%D0%B4),Bolivija,South_America
c>ND{=Jm>!,Brazil,https://en.wikipedia.org/wiki/Brazil,Brasília,https://en.wikipedia.org/wiki/Bras%C3%ADlia,"<img src=""Brazil (1).png"" />","<img src=""Brazil.png"" />",Брази́лия,https://ru.wikipedia.org/wiki/%D0%91%D1%80%D0%B0%D0%B7%D0%B8%D0%BB%D0%B8%D1%8F,Брази́лиа,https://ru.wikipedia.org/wiki/%D0%91%D1%80%D0%B0%D0%B7%D0%B8%D0%BB%D0%B8%D0%B0,Brazil,South_America
m!iMI#B[*1,Chile,https://en.wikipedia.org/wiki/Chile,Santiago,https://en.wikipedia.org/wiki/Santiago,"<img src=""Chile (1).png"" />","<img src=""Chile.png"" />",Чи́ли,https://ru.wikipedia.org/wiki/%D0%A7%D0%B8%D0%BB%D0%B8,Сантья́го,https://ru.wikipedia.org/wiki/%D0%A1%D0%B0%D0%BD%D1%82%D1%8C%D1%8F%D0%B3%D0%BE,Čile,South_America
c>O.TSZs:o,Colombia,https://en.wikipedia.org/wiki/Colombia,Bogotá,https://en.wikipedia.org/wiki/Bogot%C3%A1,"<img src=""Colombia (1).png"" />","<img src=""Colombia.png"" />",Колу́мбия,https://ru.wikipedia.org/wiki/%D0%9A%D0%BE%D0%BB%D1%83%D0%BC%D0%B1%D0%B8%D1%8F,Богота́,https://ru.wikipedia.org/wiki/%D0%91%D0%BE%D0%B3%D0%BE%D1%82%D0%B0,Kolumbija,South_America
h88_[S5NG[,Ecuador,https://en.wikipedia.org/wiki/Ecuador,Quito,https://en.wikipedia.org/wiki/Quito,"<img src=""Ecuador (1).png"" />","<img src=""Ecuador.png"" />",Эквадо́р,https://ru.wikipedia.org/wiki/%D0%AD%D0%BA%D0%B2%D0%B0%D0%B4%D0%BE%D1%80,Ки́то,https://ru.wikipedia.org/wiki/%D0%9A%D0%B8%D1%82%D0%BE,Ekvador,South_America
"~?,<T[JCLf",French Guiana,https://en.wikipedia.org/wiki/French_Guiana,Cayenne,https://en.wikipedia.org/wiki/Cayenne,"<img src=""FrenchGuiana.png"" />","<img src=""French-Guyana.png"" />",Гвиа́на,https://ru.wikipedia.org/wiki/%D0%93%D0%B2%D0%B8%D0%B0%D0%BD%D0%B0_(%D0%B4%D0%B5%D0%BF%D0%B0%D1%80%D1%82%D0%B0%D0%BC%D0%B5%D0%BD%D1%82_%D0%A4%D1%80%D0%B0%D0%BD%D1%86%D0%B8%D0%B8),Кайе́нна,https://ru.wikipedia.org/wiki/%D0%9A%D0%B0%D0%B9%D0%B5%D0%BD%D0%BD%D0%B0,Francuska Gvajana,South_America
qw.HoqI*iD,Guyana,https://en.wikipedia.org/wiki/Guyana,Georgetown,"https://en.wikipedia.org/wiki/Georgetown,_Guyana","<img src=""Guyana (1).png"" />","<img src=""Guyana.png"" />",Гайа́на,https://ru.wikipedia.org/wiki/%D0%93%D0%B0%D0%B9%D0%B0%D0%BD%D0%B0,Джорджта́ун,https://ru.wikipedia.org/wiki/%D0%94%D0%B6%D0%BE%D1%80%D0%B4%D0%B6%D1%82%D0%B0%D1%83%D0%BD,Gvajana,South_America
pOLftBUjx;,Paraguay,https://en.wikipedia.org/wiki/Paraguay,Asunción,https://en.wikipedia.org/wiki/Asunci%C3%B3n,"<img src=""Paraguay (1).png"" />","<img src=""Paraguay.png"" />",Парагва́й,https://ru.wikipedia.org/wiki/%D0%9F%D0%B0%D1%80%D0%B0%D0%B3%D0%B2%D0%B0%D0%B9,Асунсьо́н,https://ru.wikipedia.org/wiki/%D0%90%D1%81%D1%83%D0%BD%D1%81%D1%8C%D0%BE%D0%BD,Paragvaj,South_America
jz4C*%M/&D,Peru,https://en.wikipedia.org/wiki/Peru,Lima,https://en.wikipedia.org/wiki/Lima,"<img src=""Peru (1).png"" />","<img src=""Peru.png"" />",Перу́,https://ru.wikipedia.org/wiki/%D0%9F%D0%B5%D1%80%D1%83,Ли́ма,https://ru.wikipedia.org/wiki/%D0%9B%D0%B8%D0%BC%D0%B0,Peru,South_America
fYqQ+&i4>I,Suriname,https://en.wikipedia.org/wiki/Suriname,Paramaribo,https://en.wikipedia.org/wiki/Paramaribo,"<img src=""Suriname (1).png"" />","<img src=""Suriname.png"" />",Сурина́м,https://ru.wikipedia.org/wiki/%D0%A1%D1%83%D1%80%D0%B8%D0%BD%D0%B0%D0%BC,Парама́ри́бо,https://ru.wikipedia.org/wiki/%D0%9F%D0%B0%D1%80%D0%B0%D0%BC%D0%B0%D1%80%D0%B8%D0%B1%D0%BE,Surinam,South_America
f%C/jhcM`b,Uruguay,https://en.wikipedia.org/wiki/Uruguay,Montevideo,https://en.wikipedia.org/wiki/Montevideo,"<img src=""Uruguay (1).png"" />","<img src=""Uruguay.png"" />",Уругва́й,https://ru.wikipedia.org/wiki/%D0%A3%D1%80%D1%83%D0%B3%D0%B2%D0%B0%D0%B9,Монтевиде́о,https://ru.wikipedia.org/wiki/%D0%9C%D0%BE%D0%BD%D1%82%D0%B5%D0%B2%D0%B8%D0%B4%D0%B5%D0%BE,Urugvaj,South_America
gbk^|<4g^/,Venezuela,https://en.wikipedia.org/wiki/Venezuela,Caracas,https://en.wikipedia.org/wiki/Caracas,"<img src=""Venezuela (1).png"" />","<img src=""Venezuela.png"" />",Венесуэ́ла,https://ru.wikipedia.org/wiki/%D0%92%D0%B5%D0%BD%D0%B5%D1%81%D1%83%D1%8D%D0%BB%D0%B0,Кара́кас,https://ru.wikipedia.org/wiki/%D0%9A%D0%B0%D1%80%D0%B0%D0%BA%D0%B0%D1%81,Venezuela,South_America
r4_t+C7*U+,Cuba,https://en.wikipedia.org/wiki/Cuba,Havana,https://en.wikipedia.org/wiki/Havana,"<img src=""Cuba (1).png"" />","<img src=""Cuba.png"" />",Ку́ба,https://ru.wikipedia.org/wiki/%D0%9A%D1%83%D0%B1%D0%B0,Гава́на,https://ru.wikipedia.org/wiki/%D0%93%D0%B0%D0%B2%D0%B0%D0%BD%D0%B0,Kuba,Central_America
{fC4x:Uza,Dominican Republic,https://en.wikipedia.org/wiki/Dominican_Republic,Santo Domingo,https://en.wikipedia.org/wiki/Santo_Domingo,"<img src=""DominicanRepublic.png"" />","<img src=""Dominican-Republic.png"" />",Доминика́нская Респу́блика,https://ru.wikipedia.org/wiki/%D0%94%D0%BE%D0%BC%D0%B8%D0%BD%D0%B8%D0%BA%D0%B0%D0%BD%D1%81%D0%BA%D0%B0%D1%8F_%D0%A0%D0%B5%D1%81%D0%BF%D1%83%D0%B1%D0%BB%D0%B8%D0%BA%D0%B0,Са́нто-Доми́нго,https://ru.wikipedia.org/wiki/%D0%A1%D0%B0%D0%BD%D1%82%D0%BE-%D0%94%D0%BE%D0%BC%D0%B8%D0%BD%D0%B3%D0%BE,Dominikanska Republika,Central_America
rbU~q.b8nI,Haiti,https://en.wikipedia.org/wiki/Haiti,Port-au-Prince,https://en.wikipedia.org/wiki/Port-au-Prince,"<img src=""Haiti (1).png"" />","<img src=""Haiti.png"" />",Гаи́ти,https://ru.wikipedia.org/wiki/%D0%A0%D0%B5%D1%81%D0%BF%D1%83%D0%B1%D0%BB%D0%B8%D0%BA%D0%B0_%D0%93%D0%B0%D0%B8%D1%82%D0%B8,Порт-о-Пренс,https://ru.wikipedia.org/wiki/%D0%9F%D0%BE%D1%80%D1%82-%D0%BE-%D0%9F%D1%80%D0%B5%D0%BD%D1%81,Haiti,Central_America
sGlL#XJ[6f,Jamaica,https://en.wikipedia.org/wiki/Jamaica,Kingston,"https://en.wikipedia.org/wiki/Kingston,_Jamaica","<img src=""Jamaica (1).png"" />","<img src=""Jamaica.png"" />",Яма́йка,https://ru.wikipedia.org/wiki/%D0%AF%D0%BC%D0%B0%D0%B9%D0%BA%D0%B0,Ки́нгстон,https://ru.wikipedia.org/wiki/%D0%9A%D0%B8%D0%BD%D0%B3%D1%81%D1%82%D0%BE%D0%BD_(%D0%AF%D0%BC%D0%B0%D0%B9%D0%BA%D0%B0),Jamajka,Central_America
i#`?uL$Cjl,Cayman Islands,https://en.wikipedia.org/wiki/Cayman_Islands,George Town,"https://en.wikipedia.org/wiki/George_Town,_Cayman_Islands","<img src=""CaymanIslands.png"" />","<img src=""Cayman-Islands.png"" />",Острова́ Кайма́н,https://ru.wikipedia.org/wiki/%D0%9E%D1%81%D1%82%D1%80%D0%BE%D0%B2%D0%B0_%D0%9A%D0%B0%D0%B9%D0%BC%D0%B0%D0%BD,Джо́рджтаун,https://ru.wikipedia.org/wiki/%D0%94%D0%B6%D0%BE%D1%80%D0%B4%D0%B6%D1%82%D0%B0%D1%83%D0%BD_(%D0%9E%D1%81%D1%82%D1%80%D0%BE%D0%B2%D0%B0_%D0%9A%D0%B0%D0%B9%D0%BC%D0%B0%D0%BD),Kajmansko otočje,Central_America
"bT^>/@#f&,",Trinidad and Tobago,https://en.wikipedia.org/wiki/Trinidad_and_Tobago,Port of Spain,https://en.wikipedia.org/wiki/Port_of_Spain,"<img src=""TrinidadAndTobago.png"" />","<img src=""Trinidad-and-Tobago.png"" />",Тринида́д и Тоба́го,https://ru.wikipedia.org/wiki/%D0%A2%D1%80%D0%B8%D0%BD%D0%B8%D0%B4%D0%B0%D0%B4_%D0%B8_%D0%A2%D0%BE%D0%B1%D0%B0%D0%B3%D0%BE,Порт-оф-Спейн,https://ru.wikipedia.org/wiki/%D0%9F%D0%BE%D1%80%D1%82-%D0%BE%D1%84-%D0%A1%D0%BF%D0%B5%D0%B9%D0%BD,Trinidad i Tobago,Central_America
r^O$bM-lxp,Bahamas,https://en.wikipedia.org/wiki/The_Bahamas,Nassau,https://en.wikipedia.org/wiki/Nassau,"<img src=""Bahamas.png"" />","<img src=""The-Bahamas.png"" />",Бага́мские Острова́,https://ru.wikipedia.org/wiki/%D0%91%D0%B0%D0%B3%D0%B0%D0%BC%D1%81%D0%BA%D0%B8%D0%B5_%D0%9E%D1%81%D1%82%D1%80%D0%BE%D0%B2%D0%B0,На́ссау,"https://en.wikipedia.org/wiki/Nassau,_Bahamas",Bahami,Central_America
o<3<.X{&Xo,Belize,https://en.wikipedia.org/wiki/Belize,Belmopan,https://en.wikipedia.org/wiki/Belmopan,"<img src=""Belize (1).png"" />","<img src=""Belize.png"" />",Бели́з,https://ru.wikipedia.org/wiki/%D0%91%D0%B5%D0%BB%D0%B8%D0%B7,Бельмопа́н,https://ru.wikipedia.org/wiki/%D0%91%D0%B5%D0%BB%D1%8C%D0%BC%D0%BE%D0%BF%D0%B0%D0%BD,Belize,Central_America
to.OGe0<4D,Costa Rica,https://en.wikipedia.org/wiki/Costa_Rica,San José,"https://en.wikipedia.org/wiki/San_Jos%C3%A9,_Costa_Rica","<img src=""CostaRica.png"" />","<img src=""Costa-Rica.png"" />",Ко́ста-Ри́ка,https://ru.wikipedia.org/wiki/%D0%9A%D0%BE%D1%81%D1%82%D0%B0-%D0%A0%D0%B8%D0%BA%D0%B0,Сан-Хосе́,https://ru.wikipedia.org/wiki/%D0%A1%D0%B0%D0%BD-%D0%A5%D0%BE%D1%81%D0%B5_(%D0%9A%D0%BE%D1%81%D1%82%D0%B0-%D0%A0%D0%B8%D0%BA%D0%B0),Kostarika,Central_America
jhIge00X&e,El Salvador,https://en.wikipedia.org/wiki/El_Salvador,San Salvador,https://en.wikipedia.org/wiki/San_Salvador,"<img src=""ElSalvador.png"" />","<img src=""El-Salvador.png"" />",Сальвадо́р,https://ru.wikipedia.org/wiki/%D0%A1%D0%B0%D0%BB%D1%8C%D0%B2%D0%B0%D0%B4%D0%BE%D1%80,Сан-Сальвадо́р,https://ru.wikipedia.org/wiki/%D0%A1%D0%B0%D0%BD-%D0%A1%D0%B0%D0%BB%D1%8C%D0%B2%D0%B0%D0%B4%D0%BE%D1%80,Salvador,Central_America
i4laLo%VW,Guatemala,https://en.wikipedia.org/wiki/Guatemala,Guatemala City,https://en.wikipedia.org/wiki/Guatemala_City,"<img src=""Guatemala (1).png"" />","<img src=""Guatemala.png"" />",Гватема́ла,https://ru.wikipedia.org/wiki/%D0%93%D0%B2%D0%B0%D1%82%D0%B5%D0%BC%D0%B0%D0%BB%D0%B0,Гватема́ла,https://ru.wikipedia.org/wiki/%D0%93%D0%B2%D0%B0%D1%82%D0%B5%D0%BC%D0%B0%D0%BB%D0%B0_(%D0%B3%D0%BE%D1%80%D0%BE%D0%B4),Gvatemala,Central_America
qUu}&2HTEV,Honduras,https://en.wikipedia.org/wiki/Honduras,Tegucigalpa,https://en.wikipedia.org/wiki/Tegucigalpa,"<img src=""Honduras (1).png"" />","<img src=""Honduras.png"" />",Гондура́с,https://ru.wikipedia.org/wiki/%D0%93%D0%BE%D0%BD%D0%B4%D1%83%D1%80%D0%B0%D1%81,Тегусига́льпа,https://ru.wikipedia.org/wiki/%D0%A2%D0%B5%D0%B3%D1%83%D1%81%D0%B8%D0%B3%D0%B0%D0%BB%D1%8C%D0%BF%D0%B0,Honduras,Central_America
lnZb3E!:qZ,Nicaragua,https://en.wikipedia.org/wiki/Nicaragua,Managua,https://en.wikipedia.org/wiki/Managua,"<img src=""Nicaragua (1).png"" />","<img src=""Nicaragua.png"" />",Никара́гуа,https://ru.wikipedia.org/wiki/%D0%9D%D0%B8%D0%BA%D0%B0%D1%80%D0%B0%D0%B3%D1%83%D0%B0,Мана́гуа,https://ru.wikipedia.org/wiki/%D0%9C%D0%B0%D0%BD%D0%B0%D0%B3%D1%83%D0%B0,Nikaragva,Central_America
"hq,X4p&O#,",Panama,https://en.wikipedia.org/wiki/Panama,Panama City,https://en.wikipedia.org/wiki/Panama_City,"<img src=""Panama (1).png"" />","<img src=""Panama.png"" />",Пана́ма,https://ru.wikipedia.org/wiki/%D0%9F%D0%B0%D0%BD%D0%B0%D0%BC%D0%B0,Пана́ма́,https://ru.wikipedia.org/wiki/%D0%9F%D0%B0%D0%BD%D0%B0%D0%BC%D0%B0_(%D0%B3%D0%BE%D1%80%D0%BE%D0%B4),Panama,Central_America
pE59vNSj8w,Antigua and Barbuda,https://en.wikipedia.org/wiki/Antigua_and_Barbuda,Saint John's,"https://en.wikipedia.org/wiki/St._John%27s,_Antigua_and_Barbuda","<img src=""AntiguaAndBarbuda.png"" />","<img src=""Antigua-and-Barbuda.png"" />",Анти́гуа и Барбу́да,https://ru.wikipedia.org/wiki/%D0%90%D0%BD%D1%82%D0%B8%D0%B3%D1%83%D0%B0_%D0%B8_%D0%91%D0%B0%D1%80%D0%B1%D1%83%D0%B4%D0%B0,Сент-Джонс,https://ru.wikipedia.org/wiki/%D0%A1%D0%B5%D0%BD%D1%82-%D0%94%D0%B6%D0%BE%D0%BD%D1%81,Antigua i Barbuda,Central_America
BS4VO](qNL,Barbados,https://en.wikipedia.org/wiki/Barbados,Bridgetown,https://en.wikipedia.org/wiki/Bridgetown,"<img src=""Barbados (1).png"" />","<img src=""Barbados.png"" />",Барба́дос,https://ru.wikipedia.org/wiki/%D0%91%D0%B0%D1%80%D0%B1%D0%B0%D0%B4%D0%BE%D1%81,Бри́джтаун,https://ru.wikipedia.org/wiki/%D0%91%D1%80%D0%B8%D0%B4%D0%B6%D1%82%D0%B0%D1%83%D0%BD,Barbados,Central_America
OApj~g@4P0,Dominica,https://en.wikipedia.org/wiki/Dominica,Roseau,https://en.wikipedia.org/wiki/Roseau,"<img src=""Dominica (1).png"" />","<img src=""Dominica.png"" />",Домини́ка,https://ru.wikipedia.org/wiki/%D0%94%D0%BE%D0%BC%D0%B8%D0%BD%D0%B8%D0%BA%D0%B0,Розо́,https://ru.wikipedia.org/wiki/%D0%A0%D0%BE%D0%B7%D0%BE,Dominika,Central_America
o~H;6]?tF.,Grenada,https://en.wikipedia.org/wiki/Grenada,St. George's,"https://en.wikipedia.org/wiki/St._George%27s,_Grenada","<img src=""Grenada (1).png"" />","<img src=""Grenada.png"" />",Грена́да,https://ru.wikipedia.org/wiki/%D0%93%D1%80%D0%B5%D0%BD%D0%B0%D0%B4%D0%B0,Се́нт-Джо́рджес,https://ru.wikipedia.org/wiki/%D0%A1%D0%B5%D0%BD%D1%82-%D0%94%D0%B6%D0%BE%D1%80%D0%B4%D0%B6%D0%B5%D1%81,Grenada,Central_America
tnOm4gnSTc,Saint Kitts and Nevis,https://en.wikipedia.org/wiki/Saint_Kitts_and_Nevis,Basseterre,https://en.wikipedia.org/wiki/Basseterre,"<img src=""SaintKittsAndNevis.png"" />","<img src=""Saint-Kitts.png"" />",Сент-Ки́тс и Не́вис,https://ru.wikipedia.org/wiki/%D0%A1%D0%B5%D0%BD%D1%82-%D0%9A%D0%B8%D1%82%D1%81_%D0%B8_%D0%9D%D0%B5%D0%B2%D0%B8%D1%81,Басте́р,https://ru.wikipedia.org/wiki/%D0%91%D0%B0%D1%81%D1%82%D0%B5%D1%80,Sv. Kitts i Nevis,Central_America
ht7#b99d_!,Saint Lucia,https://en.wikipedia.org/wiki/Saint_Lucia,Castries,https://en.wikipedia.org/wiki/Castries,"<img src=""SaintLucia.png"" />","<img src=""Saint-Lucia.png"" />",Сент-Люси́я,https://ru.wikipedia.org/wiki/%D0%A1%D0%B5%D0%BD%D1%82-%D0%9B%D1%8E%D1%81%D0%B8%D1%8F,Кастри́,https://ru.wikipedia.org/wiki/%D0%9A%D0%B0%D1%81%D1%82%D1%80%D0%B8,Sveta Lucija,Central_America
JC=`9NOEGs,Saint Vincent and the Grenadines,https://en.wikipedia.org/wiki/Saint_Vincent_and_the_Grenadines,Kingstown,https://en.wikipedia.org/wiki/Kingstown,"<img src=""SaintVincentAndTheGrenadines.png"" />","<img src=""Saint-Vincent-and-the-Grenadines.png"" />",Сент-Ви́нсент и Гренади́ны,https://ru.wikipedia.org/wiki/%D0%A1%D0%B5%D0%BD%D1%82-%D0%92%D0%B8%D0%BD%D1%81%D0%B5%D0%BD%D1%82_%D0%B8_%D0%93%D1%80%D0%B5%D0%BD%D0%B0%D0%B4%D0%B8%D0%BD%D1%8B,Ки́нгстаун,https://ru.wikipedia.org/wiki/%D0%9A%D0%B8%D0%BD%D0%B3%D1%81%D1%82%D0%B0%D1%83%D0%BD,Sveti Vincent i Grenadini,Central_America
dqZj.drI8b,Canada,https://en.wikipedia.org/wiki/Canada,Ottawa,https://en.wikipedia.org/wiki/Ottawa,"<img src=""Canada (1).png"" />","<img src=""Canada.png"" />",Кана́да,https://ru.wikipedia.org/wiki/%D0%9A%D0%B0%D0%BD%D0%B0%D0%B4%D0%B0,Отта́ва,https://ru.wikipedia.org/wiki/%D0%9E%D1%82%D1%82%D0%B0%D0%B2%D0%B0,Kanada,North_America
MCokj4Nr+6,Greenland,https://en.wikipedia.org/wiki/Greenland,Nuuk,https://en.wikipedia.org/wiki/Nuuk,"<img src=""Greenland (1).png"" />","<img src=""Greenland.png"" />",Гренла́ндия,https://ru.wikipedia.org/wiki/%D0%93%D1%80%D0%B5%D0%BD%D0%BB%D0%B0%D0%BD%D0%B4%D0%B8%D1%8F,Ну́ук,https://ru.wikipedia.org/wiki/%D0%9D%D1%83%D1%83%D0%BA,Grenland,North_America
O+HG^wzitV,United States of America,https://en.wikipedia.org/wiki/United_States_of_America,"Washington, D.C.","https://en.wikipedia.org/wiki/Washington,_D.C.","<img src=""UnitedStates.png"" />","<img src=""United-States.png"" />",Соединённые Шта́ты Аме́рики (США),https://ru.wikipedia.org/wiki/%D0%A1%D0%BE%D0%B5%D0%B4%D0%B8%D0%BD%D0%B5%D0%BD%D0%BD%D1%8B%D0%B5_%D0%A8%D1%82%D0%B0%D1%82%D1%8B_%D0%90%D0%BC%D0%B5%D1%80%D0%B8%D0%BA%D0%B8,Вашингто́н,https://ru.wikipedia.org/wiki/%D0%92%D0%B0%D1%88%D0%B8%D0%BD%D0%B3%D1%82%D0%BE%D0%BD,Sjedinjene Američke Države,North_America
~]zeiqYVf5,Mexico,https://en.wikipedia.org/wiki/Mexico,Mexico City,https://en.wikipedia.org/wiki/Mexico_City,"<img src=""Mexico (1).png"" />","<img src=""Mexico.png"" />",Ме́ксика,https://ru.wikipedia.org/wiki/%D0%9C%D0%B5%D0%BA%D1%81%D0%B8%D0%BA%D0%B0,Ме́хико,https://ru.wikipedia.org/wiki/%D0%9C%D0%B5%D1%85%D0%B8%D0%BA%D0%BE,Meksiko,North_America